Year,Player,Tm,Conf,Age,G,GS,QBrec,Cmp,Att,CmpPct,Yds,TD,TDPct,Int,IntPct,1D,Lng,YA,AYA,YC,YG,Rate,QBR,Sk,Yds,NYA,ANYA,SkPct,4QC,GWD
2020,Kyler Murray,ARI,NFC,23,16,16,8-8-0,375,558,67.2,3971,26,4.7,12,2.2,205,80,7.1,7.1,10.6,248.2,94.3,68.9,27,176,6.5,6.5,4.6,3,4
2020,Matt Ryan,ATL,NFC,35,16,16,4-12-0,407,626,65.0,4581,26,4.2,11,1.8,242,63,7.3,7.4,11.3,286.3,93.3,66.9,41,257,6.5,6.5,6.1,,
2020,Lamar Jackson,BAL,AFC,23,15,15,11-4-0,242,376,64.4,2757,26,6.9,9,2.4,138,47,7.3,7.6,11.4,183.8,99.3,73.6,29,160,6.4,6.7,7.2,1,1
2020,Robert Griffin III,BAL,AFC,30,4,1,0-1-0,8,14,57.1,42,0,0,2,14.3,1,9,3.0,-3.4,5.3,10.5,22.6,25.5,3,20,1.3,-4.0,17.6,,
2020,Josh Allen,BUF,AFC,24,16,16,13-3-0,396,572,69.2,4544,37,6.5,10,1.7,242,55,7.9,8.5,11.5,284.0,107.2,81.6,26,159,7.3,7.8,4.3,2,3
2020,Teddy Bridgewater,CAR,NFC,28,15,15,4-11-0,340,492,69.1,3733,15,3,11,2.2,174,75,7.6,7.2,11.0,248.9,92.1,64.1,31,205,6.8,6.4,5.9,,
2020,Phillip Walker,CAR,NFC,25,4,1,1-0-0,32,56,57.1,368,1,1.8,5,8.9,17,52,6.6,2.9,11.5,92.0,45.8,,4,31,5.6,2.2,6.7,,
2020,Nick Foles,CHI,NFC,31,9,7,2-5-0,202,312,64.7,1852,10,3.2,8,2.6,93,50,5.9,5.4,9.2,205.8,80.8,43.2,18,145,5.2,4.7,5.5,2,2
2020,Mitchell Trubisky,CHI,NFC,26,10,9,6-3-0,199,297,67.0,2055,16,5.4,8,2.7,124,53,6.9,6.8,10.3,205.5,93.5,61.5,18,125,6.1,6.0,5.7,1,1
2020,Joe Burrow,CIN,AFC,24,10,10,2-7-1,264,404,65.3,2688,13,3.2,5,1.2,150,67,6.7,6.7,10.2,268.8,89.8,56.1,32,231,5.6,5.7,7.3,,
2020,Brandon Allen,CIN,AFC,28,5,5,1-4-0,90,142,63.4,925,5,3.5,4,2.8,42,72,6.5,6.0,10.3,185.0,82.0,44.9,7,51,5.9,5.3,4.7,1,1
2020,Ryan Finley,CIN,AFC,26,5,1,1-0-0,17,32,53.1,164,1,3.1,2,6.3,8,30,5.1,2.9,9.6,32.8,52.1,48.8,9,63,2.5,0.8,22.0,,
2020,Baker Mayfield,CLE,AFC,25,16,16,11-5-0,305,486,62.8,3563,26,5.3,8,1.6,188,75,7.3,7.7,11.7,222.7,95.9,72.1,26,162,6.6,7.0,5.1,2,2
2020,Andy Dalton,DAL,NFC,33,11,9,4-5-0,216,333,64.9,2170,14,4.2,8,2.4,116,69,6.5,6.3,10.0,197.3,87.3,53.7,24,184,5.6,5.3,6.7,2,3
2020,Dak Prescott,DAL,NFC,27,5,5,2-3-0,151,222,68.0,1856,9,4.1,4,1.8,93,58,8.4,8.4,12.3,371.2,99.6,78.6,10,66,7.7,7.7,4.3,1,1
2020,Ben DiNucci,DAL,NFC,24,3,1,0-1-0,23,43,53.5,219,0,0,0,0,11,32,5.1,5.1,9.5,73.0,67.9,13.4,7,73,2.9,2.9,14.0,,
2020,Garrett Gilbert,DAL,NFC,29,1,1,0-1-0,21,38,55.3,243,1,2.6,1,2.6,10,32,6.4,5.7,11.6,243.0,72.6,64.0,2,23,5.5,4.9,5.0,,
2020,Drew Lock,DEN,AFC,24,13,13,4-9-0,254,443,57.3,2933,16,3.6,15,3.4,145,92,6.6,5.8,11.5,225.6,75.4,48.9,19,123,6.1,5.3,4.1,1,1
2020,Jeff Driskel,DEN,AFC,27,3,1,0-1-0,35,64,54.7,432,3,4.7,2,3.1,18,45,6.8,6.3,12.3,144.0,78.4,43.1,11,98,4.5,4.1,14.7,,
2020,Brett Rypien,DEN,AFC,24,3,1,1-0-0,27,40,67.5,295,2,5,4,10,12,48,7.4,3.9,10.9,98.3,66.1,57.9,1,0,7.2,3.8,2.4,1,1
2020,Matthew Stafford,DET,NFC,32,16,16,5-11-0,339,528,64.2,4084,26,4.9,10,1.9,205,73,7.7,7.9,12.0,255.3,96.3,68.5,38,254,6.8,6.9,6.7,3,4
2020,Aaron Rodgers,GNB,NFC,37,16,16,13-3-0,372,526,70.7,4299,48,9.1,5,1,214,78,8.2,9.6,11.6,268.7,121.5,84.3,20,182,7.5,8.9,3.7,1,2
2020,Deshaun Watson,HOU,AFC,25,16,16,4-12-0,382,544,70.2,4823,33,6.1,7,1.3,221,77,8.9,9.5,12.6,301.4,112.4,70.5,49,293,7.6,8.2,8.3,,
2020,Philip Rivers,IND,AFC,39,16,16,11-5-0,369,543,68.0,4169,24,4.4,11,2,200,55,7.7,7.7,11.3,260.6,97.0,62.5,19,118,7.2,7.2,3.4,2,3
2020,Gardner Minshew II,JAX,AFC,24,9,8,1-7-0,216,327,66.1,2259,16,4.9,5,1.5,117,51,6.9,7.2,10.5,251.0,95.9,51.6,27,147,6.0,6.2,7.6,1,1
2020,Mike Glennon,JAX,AFC,31,5,5,0-5-0,111,179,62.0,1072,7,3.9,5,2.8,57,46,6.0,5.5,9.7,214.4,80.1,36.6,9,53,5.4,5.0,4.8,,
2020,Jake Luton,JAX,AFC,24,3,3,0-3-0,60,110,54.5,624,2,1.8,6,5.5,31,73,5.7,3.6,10.4,208.0,54.5,40.3,7,52,4.9,2.9,6.0,,
2020,Patrick Mahomes,KAN,AFC,25,15,15,14-1-0,390,588,66.3,4740,38,6.5,6,1,257,75,8.1,8.9,12.2,316.0,108.2,82.9,22,147,7.5,8.3,3.6,3,3
2020,Chad Henne,KAN,AFC,35,3,1,0-1-0,28,38,73.7,248,2,5.3,0,0,15,37,6.5,7.6,8.9,82.7,108.2,32.7,2,4,6.1,7.1,5.0,,
2020,Justin Herbert,LAC,AFC,22,15,15,6-9-0,396,595,66.6,4336,31,5.2,10,1.7,216,72,7.3,7.6,10.9,289.1,98.3,69.6,32,218,6.6,6.8,5.1,1,3
2020,Tyrod Taylor,LAC,AFC,31,2,1,1-0-0,16,30,53.3,208,0,0,0,0,10,37,6.9,6.9,13.0,104.0,75.4,21.3,2,1,6.5,6.5,6.3,1,1
2020,Jared Goff,LAR,NFC,26,15,15,9-6-0,370,552,67.0,3952,20,3.6,13,2.4,194,56,7.2,6.8,10.7,263.5,90.0,58.5,23,161,6.6,6.3,4.0,0,1
2020,John Wolford,LAR,NFC,25,1,1,1-0-0,22,38,57.9,231,0,0,1,2.6,12,38,6.1,4.9,10.5,231.0,64.7,74.7,2,8,5.6,4.5,5.0,,
2020,Derek Carr,LVR,AFC,29,16,16,8-8-0,348,517,67.3,4103,27,5.2,9,1.7,193,85,7.9,8.2,11.8,256.4,101.4,71.0,26,150,7.3,7.5,4.8,3,5
2020,Tua Tagovailoa,MIA,AFC,22,10,9,6-3-0,186,290,64.1,1814,11,3.8,5,1.7,100,35,6.3,6.2,9.8,181.4,87.1,52.6,20,136,5.4,5.4,6.5,2,2
2020,Ryan Fitzpatrick,MIA,AFC,38,9,7,4-3-0,183,267,68.5,2091,13,4.9,8,3,106,70,7.8,7.5,11.4,232.3,95.6,77.1,14,65,7.2,6.9,5.0,1,1
2020,Kirk Cousins,MIN,NFC,32,16,16,7-9-0,349,516,67.6,4265,35,6.8,13,2.5,212,71,8.3,8.5,12.2,266.6,105.0,63.2,39,256,7.2,7.4,7.0,1,3
2020,Drew Brees,NOR,NFC,41,12,12,9-3-0,275,390,70.5,2942,24,6.2,6,1.5,149,52,7.5,8.1,10.7,245.2,106.4,74.5,13,89,7.1,7.6,3.2,1,3
2020,Taysom Hill,NOR,NFC,30,16,8,3-1-0,88,121,72.7,928,4,3.3,2,1.7,45,44,7.7,7.6,10.5,58.0,98.8,58.7,14,87,6.2,6.2,10.4,,
2020,Cam Newton,NWE,AFC,31,15,15,7-8-0,242,368,65.8,2657,8,2.2,10,2.7,133,50,7.2,6.4,11.0,177.1,82.9,47.2,31,195,6.2,5.4,7.8,1,3
2020,Brian Hoyer,NWE,AFC,35,1,1,0-1-0,15,24,62.5,130,0,0,1,4.2,8,25,5.4,3.5,8.7,130.0,59.4,27.9,2,18,4.3,2.6,7.7,,
2020,Daniel Jones,NYG,NFC,23,14,14,5-9-0,280,448,62.5,2943,11,2.5,10,2.2,158,53,6.6,6.1,10.5,210.2,80.4,61.4,45,286,5.4,4.9,9.1,0,0
2020,Colt McCoy,NYG,NFC,34,4,2,1-1-0,40,66,60.6,375,1,1.5,1,1.5,19,35,5.7,5.3,9.4,93.8,75.0,36.5,5,24,4.9,4.6,7.0,,
2020,Sam Darnold,NYJ,AFC,23,12,12,2-10-0,217,364,59.6,2208,9,2.5,11,3,109,69,6.1,5.2,10.2,184.0,72.7,40.3,35,234,5.0,4.2,8.8,,
2020,Joe Flacco,NYJ,AFC,35,5,4,0-4-0,74,134,55.2,864,6,4.5,3,2.2,36,52,6.4,6.3,11.7,172.8,80.6,57.9,7,69,5.6,5.5,5.0,,
2020,Carson Wentz,PHI,NFC,28,12,12,3-8-1,251,437,57.4,2620,16,3.7,15,3.4,130,59,6.0,5.2,10.4,218.3,72.8,49.5,50,326,4.7,4.0,10.3,3,2
2020,Jalen Hurts,PHI,NFC,22,15,4,1-3-0,77,148,52.0,1061,6,4.1,4,2.7,45,81,7.2,6.8,13.8,70.7,77.6,41.0,13,59,6.2,5.9,8.1,,
2020,Ben Roethlisberger,PIT,AFC,38,15,15,12-3-0,399,608,65.6,3803,33,5.4,10,1.6,193,84,6.3,6.6,9.5,253.5,94.1,60.2,13,118,5.9,6.3,2.1,4,4
2020,Mason Rudolph,PIT,AFC,25,5,1,0-1-0,25,43,58.1,324,2,4.7,1,2.3,13,47,7.5,7.4,13.0,64.8,87.7,78.3,1,8,7.2,7.1,2.3,,
2020,Russell Wilson,SEA,NFC,32,16,16,12-4-0,384,558,68.8,4212,40,7.2,13,2.3,213,62,7.5,7.9,11.0,263.3,105.1,73.5,47,301,6.5,6.8,7.8,3,3
2020,Nick Mullens,SFO,NFC,25,10,8,2-6-0,211,326,64.7,2437,12,3.7,12,3.7,120,49,7.5,6.6,11.5,243.7,84.1,43.8,19,139,6.7,5.8,5.5,1,1
2020,Jimmy Garoppolo,SFO,NFC,29,6,6,3-3-0,94,140,67.1,1096,7,5,5,3.6,55,76,7.8,7.2,11.7,182.7,92.4,61.5,11,77,6.8,6.2,7.3,,
2020,C.J. Beathard,SFO,NFC,27,6,2,1-1-0,66,104,63.5,787,6,5.8,0,0,42,49,7.6,8.7,11.9,131.2,105.7,53.6,9,71,6.3,7.4,8.0,,
2020,Tom Brady,TAM,NFC,43,16,16,11-5-0,401,610,65.7,4633,40,6.6,12,2,233,50,7.6,8.0,11.6,289.6,102.2,72.5,21,143,7.1,7.5,3.3,3,3
2020,Ryan Tannehill,TEN,AFC,32,16,16,11-5-0,315,481,65.5,3819,33,6.9,7,1.5,201,75,7.9,8.7,12.1,238.7,106.5,78.4,24,173,7.2,7.9,4.8,5,6
2020,Alex Smith,WAS,NFC,36,8,6,5-1-0,168,252,66.7,1582,6,2.4,8,3.2,74,68,6.3,5.3,9.4,197.8,78.5,34.8,22,139,5.3,4.4,8.0,1,1
2020,Dwayne Haskins,WAS,NFC,23,7,6,1-5-0,148,241,61.4,1439,5,2.1,7,2.9,73,50,6.0,5.1,9.7,205.6,73.0,31.0,20,141,5.0,4.2,7.7,1,1
2020,Kyle Allen,WAS,NFC,24,4,4,1-3-0,60,87,69.0,610,4,4.6,1,1.1,30,52,7.0,7.4,10.2,152.5,99.3,74.4,7,44,6.0,6.4,7.4,,
2019,Kyler Murray,ARI,NFC,22,16,16,5-10-1,349,542,64.4,3722,20,3.7,12,2.2,173,88,6.9,6.6,10.7,232.6,87.4,57.7,48,309,5.8,5.6,8.1,1,2
2019,Matt Ryan,ATL,NFC,34,15,15,7-8-0,408,616,66.2,4466,26,4.2,14,2.3,228,93,7.3,7.1,10.9,297.7,92.1,59.6,48,316,6.3,6.1,7.2,3,2
2019,Matt Schaub,ATL,NFC,38,6,1,0-1-0,50,67,74.6,580,3,4.5,1,1.5,30,35,8.7,8.9,11.6,96.7,109.0,80.2,2,19,8.1,8.4,2.9,,
2019,Lamar Jackson,BAL,AFC,22,15,15,13-2-0,265,401,66.1,3127,36,9,6,1.5,161,83,7.8,8.9,11.8,208.5,113.3,83.0,23,106,7.1,8.2,5.4,1,2
2019,Robert Griffin III,BAL,AFC,29,7,1,1-0-0,23,38,60.5,225,1,2.6,2,5.3,10,39,5.9,4.1,9.8,32.1,64.0,54.9,5,19,4.8,3.2,11.6,,
2019,Josh Allen,BUF,AFC,23,16,16,10-6-0,271,461,58.8,3089,20,4.3,9,2,146,53,6.7,6.7,11.4,193.1,85.3,49.4,38,237,5.7,5.7,7.6,4,5
2019,Kyle Allen,CAR,NFC,23,13,12,5-7-0,303,489,62.0,3322,17,3.5,16,3.3,188,52,6.8,6.0,11.0,255.5,80.0,38.3,46,397,5.5,4.8,8.6,0,1
2019,Cam Newton,CAR,NFC,30,2,2,0-2-0,50,89,56.2,572,0,0,1,1.1,29,44,6.4,5.9,11.4,286.0,71.0,22.5,6,43,5.6,5.1,6.3,,
2019,Will Grier,CAR,NFC,24,2,2,0-2-0,28,52,53.8,228,0,0,4,7.7,12,28,4.4,0.9,8.1,114.0,33.2,2.8,6,44,3.2,0.1,10.3,,
2019,Mitchell Trubisky,CHI,NFC,25,15,15,8-7-0,326,516,63.2,3138,17,3.3,10,1.9,156,53,6.1,5.9,9.6,209.2,83.0,41.5,38,234,5.2,5.0,6.9,3,3
2019,Chase Daniel,CHI,NFC,33,3,1,0-1-0,45,64,70.3,435,3,4.7,2,3.1,22,37,6.8,6.3,9.7,145.0,91.6,59.6,7,48,5.5,5.0,9.9,,
2019,Andy Dalton,CIN,AFC,32,13,13,2-11-0,314,528,59.5,3494,16,3,14,2.7,170,66,6.6,6.0,11.1,268.8,78.3,42.1,37,249,5.7,5.2,6.5,,
2019,Ryan Finley,CIN,AFC,25,3,3,0-3-0,41,87,47.1,474,2,2.3,2,2.3,20,47,5.4,4.9,11.6,158.0,62.1,25.0,11,93,3.9,3.4,11.2,,
2019,Baker Mayfield,CLE,AFC,24,16,16,6-10-0,317,534,59.4,3827,22,4.1,21,3.9,179,89,7.2,6.2,12.1,239.2,78.8,54.4,40,285,6.2,5.3,7.0,1,1
2019,Dak Prescott,DAL,NFC,26,16,16,8-8-0,388,596,65.1,4902,30,5,11,1.8,229,62,8.2,8.4,12.6,306.4,99.7,71.9,23,151,7.7,7.8,3.7,,
2019,Joe Flacco,DEN,AFC,34,8,8,2-6-0,171,262,65.3,1822,6,2.3,5,1.9,86,70,7.0,6.6,10.7,227.8,85.1,50.8,26,194,5.7,5.3,9.0,,
2019,Drew Lock,DEN,AFC,23,5,5,4-1-0,100,156,64.1,1020,7,4.5,3,1.9,54,48,6.5,6.6,10.2,204.0,89.7,50.2,5,26,6.2,6.2,3.1,1,2
2019,Brandon Allen,DEN,AFC,27,3,3,1-2-0,39,84,46.4,515,3,3.6,2,2.4,20,75,6.1,5.8,13.2,171.7,68.3,40.1,9,59,4.9,4.6,9.7,,
2019,Matthew Stafford,DET,NFC,31,8,8,3-4-1,187,291,64.3,2499,19,6.5,5,1.7,117,66,8.6,9.1,13.4,312.4,106.0,71.3,18,137,7.6,8.2,5.8,2,1
2019,David Blough,DET,NFC,24,5,5,0-5-0,94,174,54.0,984,4,2.3,6,3.4,47,75,5.7,4.6,10.5,196.8,64.0,34.0,14,104,4.7,3.7,7.4,,
2019,Jeff Driskel,DET,NFC,26,3,3,0-3-0,62,105,59.0,685,4,3.8,4,3.8,31,47,6.5,5.6,11.0,228.3,75.3,49.9,11,46,5.5,4.7,9.5,,
2019,Aaron Rodgers,GNB,NFC,36,16,16,13-3-0,353,569,62.0,4002,26,4.6,4,0.7,189,74,7.0,7.6,11.3,250.1,95.4,52.5,36,284,6.2,6.7,6.0,2,3
2019,Deshaun Watson,HOU,AFC,24,15,15,10-5-0,333,495,67.3,3852,26,5.3,12,2.4,191,54,7.8,7.7,11.6,256.8,98.0,70.5,44,257,6.7,6.6,8.2,3,5
2019,A.J. McCarron,HOU,AFC,29,2,1,0-1-0,21,37,56.8,225,0,0,1,2.7,11,21,6.1,4.9,10.7,112.5,63.5,27.1,5,43,4.3,3.3,11.9,,
2019,Jacoby Brissett,IND,AFC,27,15,15,7-8-0,272,447,60.9,2942,18,4,6,1.3,143,50,6.6,6.8,10.8,196.1,88.0,52.1,27,159,5.9,6.1,5.7,2,2
2019,Brian Hoyer,IND,AFC,34,4,1,0-1-0,35,65,53.8,372,4,6.2,4,6.2,22,23,5.7,4.2,10.6,93.0,65.7,17.4,5,47,4.6,3.2,7.1,,
2019,Gardner Minshew II,JAX,AFC,23,14,12,6-6-0,285,470,60.6,3271,21,4.5,6,1.3,150,70,7.0,7.3,11.5,233.6,91.2,44.6,33,184,6.1,6.4,6.6,3,3
2019,Nick Foles,JAX,AFC,30,4,4,0-4-0,77,117,65.8,736,3,2.6,2,1.7,31,39,6.3,6.0,9.6,184.0,84.6,35.5,8,60,5.4,5.2,6.4,,
2019,Patrick Mahomes,KAN,AFC,24,14,14,11-3-0,319,484,65.9,4031,26,5.4,5,1,176,83,8.3,8.9,12.6,287.9,105.3,77.7,17,127,7.8,8.4,3.4,1,1
2019,Matt Moore,KAN,AFC,35,6,2,1-1-0,59,91,64.8,659,4,4.4,0,0,35,57,7.2,8.1,11.2,109.8,100.9,57.5,8,65,6.0,6.8,8.1,1,1
2019,Philip Rivers,LAC,AFC,38,16,16,5-11-0,390,591,66.0,4615,23,3.9,20,3.4,217,84,7.8,7.1,11.8,288.4,88.5,50.5,34,222,7.0,6.3,5.4,1,2
2019,Jared Goff,LAR,NFC,25,16,16,9-7-0,394,626,62.9,4638,22,3.5,16,2.6,220,66,7.4,7.0,11.8,289.9,86.5,50.6,22,170,6.9,6.5,3.4,1,2
2019,Ryan Fitzpatrick,MIA,AFC,37,15,13,5-8-0,311,502,62.0,3529,20,4,13,2.6,182,51,7.0,6.7,11.3,235.3,85.5,68.3,40,209,6.1,5.8,7.4,3,4
2019,Josh Rosen,MIA,AFC,22,6,3,0-3-0,58,109,53.2,567,1,0.9,5,4.6,26,40,5.2,3.3,9.8,94.5,52.0,19.7,16,93,3.8,2.2,12.8,,
2019,Kirk Cousins,MIN,NFC,31,15,15,10-5-0,307,444,69.1,3603,26,5.9,6,1.4,165,66,8.1,8.7,11.7,240.2,107.4,60.4,28,206,7.2,7.7,5.9,1,1
2019,Sean Mannion,MIN,NFC,27,3,1,0-1-0,12,21,57.1,126,0,0,2,9.5,6,35,6.0,1.7,10.5,42.0,35.1,26.4,0,0,6.0,1.7,0.0,,
2019,Drew Brees,NOR,NFC,40,11,11,8-3-0,281,378,74.3,2979,27,7.1,4,1.1,159,61,7.9,8.8,10.6,270.8,116.3,73.3,12,89,7.4,8.3,3.1,1,2
2019,Teddy Bridgewater,NOR,NFC,27,9,5,5-0-0,133,196,67.9,1384,9,4.6,2,1,67,45,7.1,7.5,10.4,153.8,99.1,50.9,12,89,6.2,6.7,5.8,1,2
2019,Tom Brady,NWE,AFC,42,16,16,12-4-0,373,613,60.8,4057,24,3.9,8,1.3,193,59,6.6,6.8,10.9,253.6,88.0,55.7,27,185,6.1,6.2,4.2,1,1
2019,Daniel Jones,NYG,NFC,22,13,12,3-9-0,284,459,61.9,3027,24,5.2,12,2.6,140,75,6.6,6.5,10.7,232.8,87.7,55.7,38,295,5.5,5.4,7.6,1,2
2019,Eli Manning,NYG,NFC,38,4,4,1-3-0,91,147,61.9,1042,6,4.1,5,3.4,47,55,7.1,6.4,11.5,260.5,82.6,36.2,5,44,6.6,5.9,3.3,,
2019,Sam Darnold,NYJ,AFC,22,13,13,7-6-0,273,441,61.9,3024,19,4.3,13,2.9,147,92,6.9,6.4,11.1,232.6,84.3,45.6,33,212,5.9,5.5,7.0,2,3
2019,Luke Falk,NYJ,AFC,25,3,2,0-2-0,47,73,64.4,416,0,0,3,4.1,15,36,5.7,3.8,8.9,138.7,62.4,9.6,16,96,3.6,2.1,18.0,,
2019,Trevor Siemian,NYJ,AFC,28,1,1,0-1-0,3,6,50.0,3,0,0,0,0,0,3,0.5,0.5,1.0,3.0,56.2,1.2,2,17,-1.8,-1.8,25.0,,
2019,Derek Carr,OAK,AFC,28,16,16,7-9-0,361,513,70.4,4054,21,4.1,8,1.6,191,75,7.9,8.0,11.2,253.4,100.8,64.1,29,184,7.1,7.3,5.4,2,3
2019,Carson Wentz,PHI,NFC,27,16,16,9-7-0,388,607,63.9,4039,27,4.4,7,1.2,213,53,6.7,7.0,10.4,252.4,93.1,62.8,37,230,5.9,6.3,5.7,2,4
2019,Mason Rudolph,PIT,AFC,24,10,8,5-3-0,176,283,62.2,1765,13,4.6,9,3.2,80,76,6.2,5.7,10.0,176.5,82.0,36.2,15,124,5.5,5.0,5.0,1,1
2019,Devlin Hodges,PIT,AFC,23,8,6,3-3-0,100,160,62.5,1063,5,3.1,8,5,51,79,6.6,5.0,10.6,132.9,71.4,31.8,15,102,5.5,4.0,8.6,0,1
2019,Ben Roethlisberger,PIT,AFC,37,2,2,0-2-0,35,62,56.5,351,0,0,1,1.6,14,45,5.7,4.9,10.0,175.5,66.0,28.8,2,7,5.4,4.7,3.1,,
2019,Russell Wilson,SEA,NFC,31,16,16,11-5-0,341,516,66.1,4110,31,6,5,1,190,60,8.0,8.7,12.1,256.9,106.3,71.5,48,319,6.7,7.4,8.5,4,5
2019,Jimmy Garoppolo,SFO,NFC,28,16,16,13-3-0,329,476,69.1,3978,27,5.7,13,2.7,193,75,8.4,8.3,12.1,248.6,102.0,60.8,36,237,7.3,7.2,7.0,4,4
2019,Jameis Winston,TAM,NFC,25,16,16,7-9-0,380,626,60.7,5109,33,5.3,30,4.8,243,71,8.2,7.1,13.4,319.3,84.3,55.7,47,282,7.2,6.2,7.0,2,2
2019,Ryan Tannehill,TEN,AFC,31,12,10,7-3-0,201,286,70.3,2742,22,7.7,6,2.1,126,91,9.6,10.2,13.6,228.5,117.5,64.2,31,212,8.0,8.5,9.8,2,3
2019,Marcus Mariota,TEN,AFC,26,7,6,2-4-0,95,160,59.4,1203,7,4.4,2,1.3,50,75,7.5,7.8,12.7,171.9,92.3,35.5,25,162,5.6,5.9,13.5,,
2019,Case Keenum,WAS,NFC,31,10,8,1-7-0,160,247,64.8,1707,11,4.5,5,2,83,69,6.9,6.9,10.7,170.7,91.3,45.6,15,145,6.0,5.9,5.7,,
2019,Dwayne Haskins,WAS,NFC,22,9,7,2-5-0,119,203,58.6,1365,7,3.4,7,3.4,65,75,6.7,5.9,11.5,151.7,76.1,28.0,29,204,5.0,4.3,12.5,1,1
2019,Colt McCoy,WAS,NFC,33,1,1,0-1-0,18,27,66.7,122,0,0,1,3.7,5,22,4.5,2.9,6.8,122.0,61.0,14.9,6,44,2.4,1.0,18.2,,
2018,Josh Rosen,ARI,NFC,21,14,13,3-10-0,217,393,55.2,2278,11,2.8,14,3.6,112,75,5.8,4.8,10.5,162.7,66.7,24.1,45,320,4.5,3.5,10.3,1,2
2018,Sam Bradford,ARI,NFC,31,3,3,0-3-0,50,80,62.5,400,2,2.5,4,5,16,35,5.0,3.3,8.0,133.3,62.5,27.9,6,33,4.3,2.6,7.0,,
2018,Matt Ryan,ATL,NFC,33,16,16,7-9-0,422,608,69.4,4924,35,5.8,7,1.2,236,75,8.1,8.7,11.7,307.8,108.1,65.7,42,296,7.1,7.7,6.5,1,1
2018,Joe Flacco,BAL,AFC,33,9,9,4-5-0,232,379,61.2,2465,12,3.2,6,1.6,119,71,6.5,6.4,10.6,273.9,84.2,54.8,16,79,6.0,6.0,4.1,,
2018,Lamar Jackson,BAL,AFC,21,16,7,6-1-0,99,170,58.2,1201,6,3.5,3,1.8,67,74,7.1,7.0,12.1,75.1,84.5,42.6,16,71,6.1,6.0,8.6,0,1
2018,Josh Allen,BUF,AFC,22,12,11,5-6-0,169,320,52.8,2074,10,3.1,12,3.8,89,75,6.5,5.4,12.3,172.8,67.9,49.8,28,213,5.4,4.4,8.0,2,3
2018,Nathan Peterman,BUF,AFC,24,4,2,0-2-0,44,81,54.3,296,1,1.2,7,8.6,13,26,3.7,0.0,6.7,74.0,30.7,8.0,7,34,3.0,-0.4,8.0,,
2018,Derek Anderson,BUF,AFC,35,2,2,0-2-0,42,70,60.0,465,0,0,4,5.7,22,40,6.6,4.1,11.1,232.5,56.0,26.6,5,33,5.8,3.4,6.7,,
2018,Matt Barkley,BUF,AFC,28,1,1,1-0-0,15,25,60.0,232,2,8,0,0,12,47,9.3,10.9,15.5,232.0,117.4,85.8,1,8,8.6,10.2,3.8,,
2018,Cam Newton,CAR,NFC,29,14,14,6-8-0,320,471,67.9,3395,24,5.1,13,2.8,180,82,7.2,7.0,10.6,242.5,94.2,53.2,29,213,6.4,6.2,5.8,2,2
2018,Taylor Heinicke,CAR,NFC,25,6,1,0-1-0,35,57,61.4,320,1,1.8,3,5.3,19,33,5.6,3.6,9.1,53.3,60.6,18.3,2,17,5.1,3.2,3.4,,
2018,Kyle Allen,CAR,NFC,22,2,1,1-0-0,20,31,64.5,266,2,6.5,0,0,11,53,8.6,9.9,13.3,133.0,113.1,95.2,0,0,8.6,9.9,0.0,,
2018,Mitchell Trubisky,CHI,NFC,24,14,14,11-3-0,289,434,66.6,3223,24,5.5,12,2.8,163,70,7.4,7.3,11.2,230.2,95.4,71.0,24,143,6.7,6.6,5.2,1,2
2018,Chase Daniel,CHI,NFC,32,5,2,1-1-0,53,76,69.7,515,3,3.9,2,2.6,23,46,6.8,6.4,9.7,103.0,90.6,27.5,9,40,5.6,5.2,10.6,1,0
2018,Andy Dalton,CIN,AFC,31,11,11,5-6-0,226,365,61.9,2566,21,5.8,11,3,132,49,7.0,6.8,11.4,233.3,89.6,59.4,21,157,6.2,6.1,5.4,3,4
2018,Jeff Driskel,CIN,AFC,25,9,5,1-4-0,105,176,59.7,1003,6,3.4,2,1.1,50,37,5.7,5.9,9.6,111.4,82.2,29.7,16,122,4.6,4.7,8.3,,
2018,Baker Mayfield,CLE,AFC,23,14,13,6-7-0,310,486,63.8,3725,27,5.6,14,2.9,171,71,7.7,7.5,12.0,266.1,93.7,51.2,25,173,7.0,6.8,4.9,3,4
2018,Tyrod Taylor,CLE,AFC,29,4,3,1-1-1,42,85,49.4,473,2,2.4,2,2.4,17,47,5.6,5.0,11.3,118.3,64.5,27.0,13,81,4.0,3.5,13.3,1,0
2018,Dak Prescott,DAL,NFC,25,16,16,10-6-0,356,526,67.7,3885,22,4.2,8,1.5,206,90,7.4,7.5,10.9,242.8,96.9,55.2,56,347,6.1,6.2,9.6,3,5
2018,Case Keenum,DEN,AFC,30,16,16,6-10-0,365,586,62.3,3890,18,3.1,15,2.6,179,64,6.6,6.1,10.7,243.1,81.2,44.5,34,235,5.9,5.4,5.5,3,4
2018,Matthew Stafford,DET,NFC,30,16,16,6-10-0,367,555,66.1,3777,21,3.8,11,2,197,67,6.8,6.7,10.3,236.1,89.9,51.3,40,255,5.9,5.8,6.7,0,1
2018,Aaron Rodgers,GNB,NFC,35,16,16,6-9-1,372,597,62.3,4442,25,4.2,2,0.3,200,75,7.4,8.1,11.9,277.6,97.6,58.0,49,353,6.3,7.0,7.6,3,3
2018,Deshaun Watson,HOU,AFC,23,16,16,11-5-0,345,505,68.3,4165,26,5.1,9,1.8,215,73,8.2,8.5,12.1,260.3,103.1,61.8,62,384,6.7,6.9,10.9,5,5
2018,Andrew Luck,IND,AFC,29,16,16,10-6-0,430,639,67.3,4593,39,6.1,15,2.3,260,68,7.2,7.4,10.7,287.1,98.7,69.6,18,134,6.8,7.0,2.7,3,3
2018,Blake Bortles,JAX,AFC,26,13,12,3-9-0,243,403,60.3,2718,13,3.2,11,2.7,126,80,6.7,6.2,11.2,209.1,79.8,43.4,31,173,5.9,5.3,7.1,0,1
2018,Cody Kessler,JAX,AFC,25,5,4,2-2-0,85,131,64.9,709,2,1.5,2,1.5,35,35,5.4,5.0,8.3,141.8,77.4,25.9,22,149,3.7,3.3,14.4,,
2018,Patrick Mahomes,KAN,AFC,23,16,16,12-4-0,383,580,66.0,5097,50,8.6,12,2.1,262,89,8.8,9.6,13.3,318.6,113.8,80.3,26,171,8.1,8.9,4.3,2,2
2018,Philip Rivers,LAC,AFC,37,16,16,12-4-0,347,508,68.3,4308,32,6.3,12,2.4,235,75,8.5,8.7,12.4,269.3,105.5,67.8,32,204,7.6,7.8,5.9,3,3
2018,Jared Goff,LAR,NFC,24,16,16,13-3-0,364,561,64.9,4688,32,5.7,12,2.1,268,70,8.4,8.5,12.9,293.0,101.1,63.6,33,223,7.5,7.7,5.6,4,4
2018,Ryan Tannehill,MIA,AFC,30,11,11,5-6-0,176,274,64.2,1979,17,6.2,9,3.3,92,75,7.2,7.0,11.2,179.9,92.7,33.2,35,279,5.5,5.3,11.3,3,3
2018,Brock Osweiler,MIA,AFC,28,7,5,2-3-0,113,178,63.5,1247,6,3.4,4,2.2,58,75,7.0,6.7,11.0,178.1,86.0,34.5,17,130,5.7,5.4,8.7,1,1
2018,Kirk Cousins,MIN,NFC,30,16,16,8-7-1,425,606,70.1,4298,30,5,10,1.7,218,75,7.1,7.3,10.1,268.6,99.7,59.5,40,262,6.3,6.5,6.2,1,0
2018,Drew Brees,NOR,NFC,39,15,15,13-2-0,364,489,74.4,3992,32,6.5,5,1,223,72,8.2,9.0,11.0,266.1,115.7,79.2,17,121,7.7,8.5,3.4,6,7
2018,Teddy Bridgewater,NOR,NFC,26,5,1,0-1-0,14,23,60.9,118,1,4.3,1,4.3,8,18,5.1,4.0,8.4,23.6,70.6,31.3,2,8,4.4,3.4,8.0,,
2018,Tom Brady,NWE,AFC,41,16,16,11-5-0,375,570,65.8,4355,29,5.1,11,1.9,255,63,7.6,7.8,11.6,272.2,97.7,68.4,21,147,7.1,7.3,3.6,1,2
2018,Eli Manning,NYG,NFC,37,16,16,5-11-0,380,576,66.0,4299,21,3.6,11,1.9,205,58,7.5,7.3,11.3,268.7,92.4,49.1,47,358,6.3,6.2,7.5,1,2
2018,Sam Darnold,NYJ,AFC,21,13,13,4-9-0,239,414,57.7,2865,17,4.1,15,3.6,130,76,6.9,6.1,12.0,220.4,77.6,45.9,30,204,6.0,5.2,6.8,1,1
2018,Josh McCown,NYJ,AFC,39,4,3,0-3-0,60,110,54.5,539,1,0.9,4,3.6,27,41,4.9,3.4,9.0,134.8,55.8,33.8,7,35,4.3,2.9,6.0,,
2018,Derek Carr,OAK,AFC,27,16,16,4-12-0,381,553,68.9,4049,19,3.4,10,1.8,197,66,7.3,7.2,10.6,253.1,93.9,46.5,51,299,6.2,6.1,8.4,3,3
2018,Carson Wentz,PHI,NFC,26,11,11,5-6-0,279,401,69.6,3074,21,5.2,7,1.7,159,58,7.7,7.9,11.0,279.5,102.2,62.0,31,202,6.7,6.9,7.2,2,2
2018,Nick Foles,PHI,NFC,29,5,5,4-1-0,141,195,72.3,1413,7,3.6,4,2.1,87,83,7.2,7.0,10.0,282.6,96.0,65.4,9,47,6.7,6.5,4.4,2,2
2018,Ben Roethlisberger,PIT,AFC,36,16,16,9-6-1,452,675,67.0,5129,34,5,16,2.4,248,97,7.6,7.5,11.3,320.6,96.5,69.6,24,166,7.1,7.0,3.4,2,3
2018,Russell Wilson,SEA,NFC,30,16,16,10-6-0,280,427,65.6,3448,35,8.2,7,1.6,162,66,8.1,9.0,12.3,215.5,110.9,63.3,51,355,6.5,7.3,10.7,2,4
2018,Nick Mullens,SFO,NFC,23,8,8,3-5-0,176,274,64.2,2277,13,4.7,10,3.6,106,85,8.3,7.6,12.9,284.6,90.8,51.7,17,127,7.4,6.7,5.8,0,1
2018,C.J. Beathard,SFO,NFC,25,6,5,0-5-0,102,169,60.4,1252,8,4.7,7,4.1,60,82,7.4,6.5,12.3,208.7,81.8,41.5,18,156,5.9,5.0,9.6,,
2018,Jimmy Garoppolo,SFO,NFC,27,3,3,1-2-0,53,89,59.6,718,5,5.6,3,3.4,35,56,8.1,7.7,13.5,239.3,90.0,27.5,13,97,6.1,5.8,12.7,,
2018,Jameis Winston,TAM,NFC,24,11,9,3-6-0,244,378,64.6,2992,19,5,14,3.7,152,64,7.9,7.3,12.3,272.0,90.2,66.2,27,157,7.0,6.4,6.7,0,1
2018,Ryan Fitzpatrick,TAM,NFC,36,8,7,2-5-0,164,246,66.7,2366,17,6.9,12,4.9,113,75,9.6,8.8,14.4,295.8,100.4,61.0,14,76,8.8,8.0,5.4,,
2018,Marcus Mariota,TEN,AFC,25,14,13,7-6-0,228,331,68.9,2528,11,3.3,8,2.4,121,61,7.6,7.2,11.1,180.6,92.3,53.2,42,243,6.1,5.8,11.3,2,3
2018,Blaine Gabbert,TEN,AFC,29,8,3,2-1-0,61,101,60.4,626,4,4,4,4,32,35,6.2,5.2,10.3,78.3,74.9,27.0,5,37,5.6,4.6,4.7,2,2
2018,Alex Smith,WAS,NFC,34,10,10,6-4-0,205,328,62.5,2180,10,3,5,1.5,106,52,6.6,6.6,10.6,218.0,85.7,46.9,22,121,5.9,5.8,6.3,,
2018,Josh Johnson,WAS,NFC,32,4,3,1-2-0,52,91,57.1,590,3,3.3,4,4.4,29,79,6.5,5.2,11.3,147.5,69.4,47.4,9,67,5.2,4.0,9.0,1,1
2018,Colt McCoy,WAS,NFC,32,3,2,0-2-0,34,54,63.0,372,3,5.6,3,5.6,17,53,6.9,5.5,10.9,124.0,78.6,38.8,6,36,5.6,4.4,10.0,,
2018,Mark Sanchez,WAS,NFC,32,2,1,0-1-0,19,35,54.3,138,0,0,3,8.6,3,20,3.9,0.1,7.3,69.0,28.0,4.5,7,42,2.3,-0.9,16.7,,
2017,Carson Palmer,ARI,NFC,38,7,7,3-4-0,164,267,61.4,1978,9,3.4,7,2.6,95,46,7.4,6.9,12.1,282.6,84.4,50.0,22,150,6.3,5.9,7.6,2,2
2017,Blaine Gabbert,ARI,NFC,28,5,5,2-3-0,95,171,55.6,1086,6,3.5,6,3.5,55,52,6.4,5.5,11.4,217.2,71.9,34.0,23,149,4.8,4.1,11.9,2,2
2017,Drew Stanton,ARI,NFC,33,5,4,3-1-0,79,159,49.7,894,6,3.8,5,3.1,49,52,5.6,5.0,11.3,178.8,66.4,39.5,7,40,5.1,4.5,4.2,1,1
2017,Matt Ryan,ATL,NFC,32,16,16,10-6-0,342,529,64.7,4095,20,3.8,12,2.3,199,88,7.7,7.5,12.0,255.9,91.4,67.1,24,156,7.1,6.9,4.3,2,3
2017,Joe Flacco,BAL,AFC,32,16,16,9-7-0,352,549,64.1,3141,18,3.3,13,2.4,163,66,5.7,5.3,8.9,196.3,80.4,46.7,27,205,5.1,4.7,4.7,,
2017,Tyrod Taylor,BUF,AFC,28,15,14,8-6-0,263,420,62.6,2799,14,3.3,4,1,133,47,6.7,6.9,10.6,186.6,89.2,56.4,46,256,5.5,5.7,9.9,1,2
2017,Nathan Peterman,BUF,AFC,23,4,2,1-1-0,24,49,49.0,252,2,4.1,5,10.2,15,21,5.1,1.4,10.5,63.0,38.4,12.4,1,5,4.9,1.2,2.0,,
2017,Cam Newton,CAR,NFC,28,16,16,11-5-0,291,492,59.1,3302,22,4.5,16,3.3,167,64,6.7,6.1,11.3,206.4,80.7,51.5,35,242,5.8,5.3,6.6,1,3
2017,Mitchell Trubisky,CHI,NFC,23,12,12,4-8-0,196,330,59.4,2193,7,2.1,7,2.1,100,70,6.6,6.1,11.2,182.8,77.5,32.4,31,196,5.5,5.1,8.6,0,1
2017,Mike Glennon,CHI,NFC,28,4,4,1-3-0,93,140,66.4,833,4,2.9,5,3.6,42,29,6.0,4.9,9.0,208.3,76.9,24.6,8,78,5.1,4.1,5.4,0,1
2017,Andy Dalton,CIN,AFC,30,16,16,7-9-0,297,496,59.9,3320,25,5,12,2.4,163,77,6.7,6.6,11.2,207.5,86.6,44.8,39,255,5.7,5.7,7.3,3,3
2017,DeShone Kizer,CLE,AFC,21,15,15,0-15-0,255,476,53.6,2894,11,2.3,22,4.6,131,56,6.1,4.5,11.3,192.9,60.5,32.6,38,226,5.2,3.7,7.4,,
2017,Kevin Hogan,CLE,AFC,25,4,1,0-1-0,46,75,61.3,517,4,5.3,5,6.7,21,49,6.9,5.0,11.2,129.3,71.9,39.4,6,35,6.0,4.2,7.4,,
2017,Dak Prescott,DAL,NFC,24,16,16,9-7-0,308,490,62.9,3324,22,4.5,13,2.7,162,81,6.8,6.5,10.8,207.8,86.6,69.9,32,185,6.0,5.7,6.1,0,4
2017,Trevor Siemian,DEN,AFC,26,11,10,5-5-0,206,349,59.0,2285,12,3.4,14,4,112,44,6.5,5.4,11.1,207.7,73.3,30.9,33,220,5.4,4.4,8.6,,
2017,Brock Osweiler,DEN,AFC,27,6,4,0-4-0,96,172,55.8,1088,5,2.9,5,2.9,53,54,6.3,5.6,11.3,181.3,72.5,50.2,10,64,5.6,4.9,5.5,,
2017,Paxton Lynch,DEN,AFC,23,2,2,0-2-0,30,45,66.7,295,2,4.4,3,6.7,15,30,6.6,4.4,9.8,147.5,72.0,25.7,9,51,4.5,2.8,16.7,,
2017,Matthew Stafford,DET,NFC,29,16,16,9-7-0,371,565,65.7,4446,29,5.1,10,1.8,210,71,7.9,8.1,12.0,277.9,99.3,65.2,47,287,6.8,7.0,7.7,1,4
2017,Brett Hundley,GNB,NFC,24,11,9,3-6-0,192,316,60.8,1836,9,2.8,12,3.8,90,55,5.8,4.7,9.6,166.9,70.6,44.8,29,197,4.8,3.7,8.4,2,2
2017,Aaron Rodgers,GNB,NFC,34,7,7,4-3-0,154,238,64.7,1675,16,6.7,6,2.5,86,72,7.0,7.2,10.9,239.3,97.2,66.0,22,168,5.8,6.0,8.5,2,2
2017,Tom Savage,HOU,AFC,27,8,7,1-6-0,125,223,56.1,1412,5,2.2,6,2.7,70,57,6.3,5.6,11.3,176.5,71.4,41.7,21,159,5.1,4.4,8.6,1,1
2017,Deshaun Watson,HOU,AFC,22,7,6,3-3-0,126,204,61.8,1699,19,9.3,8,3.9,85,72,8.3,8.4,13.5,242.7,103.0,83.5,19,116,7.1,7.2,8.5,,
2017,T.J. Yates,HOU,AFC,30,4,3,0-3-0,47,97,48.5,523,4,4.1,3,3.1,27,40,5.4,4.8,11.1,130.8,65.8,32.8,13,75,4.1,3.6,11.8,,
2017,Jacoby Brissett,IND,AFC,25,16,15,4-11-0,276,469,58.8,3098,13,2.8,7,1.5,146,80,6.6,6.5,11.2,193.6,81.7,43.3,52,305,5.4,5.3,10.0,0,1
2017,Scott Tolzien,IND,AFC,30,1,1,0-1-0,9,18,50.0,128,0,0,2,11.1,5,32,7.1,2.1,14.2,128.0,33.8,11.5,4,29,4.5,0.4,18.2,,
2017,Blake Bortles,JAX,AFC,25,16,16,10-6-0,315,523,60.2,3687,21,4,13,2.5,195,75,7.0,6.7,11.7,230.4,84.7,59.2,24,123,6.5,6.2,4.4,1,1
2017,Alex Smith,KAN,AFC,33,15,15,9-6-0,341,505,67.5,4042,26,5.1,5,1,182,79,8.0,8.6,11.9,269.5,104.7,65.1,35,207,7.1,7.7,6.5,1,3
2017,Patrick Mahomes,KAN,AFC,22,1,1,1-0-0,22,35,62.9,284,0,0,1,2.9,15,51,8.1,6.8,12.9,284.0,76.4,68.2,2,15,7.3,6.1,5.4,0,1
2017,Philip Rivers,LAC,AFC,36,16,16,9-7-0,360,575,62.6,4515,28,4.9,10,1.7,217,75,7.9,8.0,12.5,282.2,96.0,61.1,18,120,7.4,7.6,3.0,2,2
2017,Jared Goff,LAR,NFC,23,15,15,11-4-0,296,477,62.1,3804,28,5.9,7,1.5,177,94,8.0,8.5,12.9,253.6,100.5,55.7,25,172,7.2,7.7,5.0,1,1
2017,Sean Mannion,LAR,NFC,25,5,1,0-1-0,22,37,59.5,185,0,0,0,0,8,50,5.0,5.0,8.4,37.0,72.5,16.4,3,20,4.1,4.1,7.5,,
2017,Jay Cutler,MIA,AFC,34,14,14,6-8-0,266,429,62.0,2666,19,4.4,14,3.3,138,65,6.2,5.6,10.0,190.4,80.8,43.5,20,154,5.6,5.0,4.5,2,3
2017,Matt Moore,MIA,AFC,33,4,2,0-2-0,78,127,61.4,861,4,3.1,5,3.9,40,61,6.8,5.6,11.0,215.3,75.6,41.3,12,95,5.5,4.5,8.6,1,1
2017,Case Keenum,MIN,NFC,29,15,14,11-3-0,325,481,67.6,3547,22,4.6,7,1.5,180,65,7.4,7.6,10.9,236.5,98.3,72.8,22,136,6.8,7.0,4.4,1,3
2017,Sam Bradford,MIN,NFC,30,2,2,2-0-0,32,43,74.4,382,3,7,0,0,17,44,8.9,10.3,11.9,191.0,124.4,75.3,5,40,7.1,8.4,10.4,,
2017,Drew Brees,NOR,NFC,38,16,16,11-5-0,386,536,72.0,4334,23,4.3,8,1.5,203,54,8.1,8.3,11.2,270.9,103.9,62.5,20,145,7.5,7.7,3.6,2,2
2017,Tom Brady,NWE,AFC,40,16,16,13-3-0,385,581,66.3,4577,32,5.5,8,1.4,230,64,7.9,8.4,11.9,286.1,102.8,70.6,35,201,7.1,7.6,5.7,2,2
2017,Eli Manning,NYG,NFC,36,15,15,3-12-0,352,571,61.6,3468,19,3.3,13,2.3,172,77,6.1,5.7,9.9,231.2,80.4,47.5,31,189,5.5,5.1,5.1,0,1
2017,Geno Smith,NYG,NFC,27,2,1,0-1-0,21,36,58.3,212,1,2.8,0,0,8,47,5.9,6.4,10.1,106.0,84.5,38.0,3,12,5.1,5.6,7.7,,
2017,Josh McCown,NYJ,AFC,38,13,13,5-8-0,267,397,67.3,2926,18,4.5,9,2.3,137,69,7.4,7.3,11.0,225.1,94.5,55.6,39,264,6.1,6.0,8.9,1,2
2017,Bryce Petty,NYJ,AFC,26,4,3,0-3-0,55,112,49.1,544,1,0.9,3,2.7,25,46,4.9,3.8,9.9,136.0,55.1,29.7,8,55,4.1,3.1,6.7,,
2017,Derek Carr,OAK,AFC,26,15,15,6-9-0,323,515,62.7,3496,22,4.3,13,2.5,168,87,6.8,6.5,10.8,233.1,86.4,50.5,20,101,6.4,6.1,3.7,1,1
2017,EJ Manuel,OAK,AFC,27,2,1,0-1-0,24,43,55.8,265,1,2.3,1,2.3,13,41,6.2,5.6,11.0,132.5,72.3,55.5,4,29,5.0,4.5,8.5,,
2017,Carson Wentz,PHI,NFC,25,13,13,11-2-0,265,440,60.2,3296,33,7.5,7,1.6,161,72,7.5,8.3,12.4,253.5,101.9,78.5,28,162,6.7,7.4,6.0,1,1
2017,Nick Foles,PHI,NFC,28,7,3,2-1-0,57,101,56.4,537,5,5,2,2,29,35,5.3,5.4,9.4,76.7,79.5,31.1,5,44,4.7,4.8,4.7,1,2
2017,Ben Roethlisberger,PIT,AFC,35,15,15,12-3-0,360,561,64.2,4251,28,5,14,2.5,204,97,7.6,7.5,11.8,283.4,93.4,66.6,21,139,7.1,7.0,3.6,3,4
2017,Landry Jones,PIT,AFC,28,3,1,1-0-0,23,28,82.1,239,1,3.6,1,3.6,9,46,8.5,7.6,10.4,79.7,99.3,47.0,3,15,7.2,6.4,9.7,,
2017,Russell Wilson,SEA,NFC,29,16,16,9-7-0,339,553,61.3,3983,34,6.1,11,2,189,74,7.2,7.5,11.7,248.9,95.4,61.9,43,322,6.1,6.5,7.2,2,2
2017,C.J. Beathard,SFO,NFC,24,7,5,1-4-0,123,224,54.9,1430,4,1.8,6,2.7,67,83,6.4,5.5,11.6,204.3,69.2,35.4,19,141,5.3,4.5,7.8,,
2017,Jimmy Garoppolo,SFO,NFC,26,6,5,5-0-0,120,178,67.4,1560,7,3.9,5,2.8,81,61,8.8,8.3,13.0,260.0,96.2,82.7,8,57,8.1,7.6,4.3,2,2
2017,Jameis Winston,TAM,NFC,23,13,13,3-10-0,282,442,63.8,3504,19,4.3,11,2.5,185,70,7.9,7.7,12.4,269.5,92.2,52.0,33,207,6.9,6.7,6.9,2,2
2017,Ryan Fitzpatrick,TAM,NFC,35,6,3,2-1-0,96,163,58.9,1103,7,4.3,3,1.8,64,41,6.8,6.8,11.5,183.8,86.0,58.1,7,34,6.3,6.3,4.1,0,1
2017,Marcus Mariota,TEN,AFC,24,15,15,9-6-0,281,453,62.0,3232,13,2.9,15,3.3,149,75,7.1,6.2,11.5,215.5,79.3,58.6,27,173,6.4,5.5,5.6,3,4
2017,Matt Cassel,TEN,AFC,35,2,1,0-1-0,25,42,59.5,162,1,2.4,2,4.8,10,17,3.9,2.2,6.5,81.0,55.9,13.7,8,30,2.6,1.2,16.0,,
2017,Kirk Cousins,WAS,NFC,29,16,16,7-9-0,347,540,64.3,4093,27,5,13,2.4,194,74,7.6,7.5,11.8,255.8,93.9,56.0,41,342,6.5,6.4,7.1,1,4
2016,Carson Palmer,ARI,NFC,37,15,15,6-8-1,364,597,61.0,4233,26,4.4,14,2.3,220,80,7.1,6.9,11.6,282.2,87.2,52.9,40,281,6.2,6.0,6.3,1,3
2016,Drew Stanton,ARI,NFC,32,5,1,1-0-0,19,48,39.6,192,2,4.2,3,6.3,11,29,4.0,2.0,10.1,38.4,39.6,22.0,1,8,3.8,1.8,2.0,,
2016,Matt Ryan,ATL,NFC,31,16,16,11-5-0,373,534,69.9,4944,38,7.1,7,1.3,240,76,9.3,10.1,13.3,309.0,117.1,79.6,37,235,8.3,9.0,6.5,1,2
2016,Joe Flacco,BAL,AFC,31,16,16,8-8-0,436,672,64.9,4317,20,3,15,2.2,204,95,6.4,6.0,9.9,269.8,83.5,52.5,33,243,5.8,5.4,4.7,2,2
2016,Tyrod Taylor,BUF,AFC,27,15,15,7-8-0,269,436,61.7,3023,17,3.9,6,1.4,148,84,6.9,7.1,11.2,201.5,89.7,62.4,42,192,5.9,6.1,8.8,1,1
2016,EJ Manuel,BUF,AFC,26,6,1,0-1-0,11,26,42.3,131,0,0,0,0,6,35,5.0,5.0,11.9,21.8,58.3,24.3,3,20,3.8,3.8,10.3,,
2016,Cam Newton,CAR,NFC,27,15,14,6-8-0,270,510,52.9,3509,19,3.7,14,2.7,173,88,6.9,6.4,13.0,233.9,75.8,47.1,36,277,5.9,5.5,6.6,,
2016,Derek Anderson,CAR,NFC,33,5,2,0-2-0,36,53,67.9,453,2,3.8,5,9.4,22,48,8.5,5.1,12.6,90.6,67.6,14.4,0,0,8.6,5.1,0.0,,
2016,Matt Barkley,CHI,NFC,26,7,6,1-5-0,129,216,59.7,1611,8,3.7,14,6.5,90,37,7.5,5.3,12.5,230.1,68.3,33.6,6,43,7.1,5.0,2.7,,
2016,Brian Hoyer,CHI,NFC,31,6,5,1-4-0,134,200,67.0,1445,6,3,0,0,75,64,7.2,7.8,10.8,240.8,98.0,55.1,4,18,7.0,7.6,2.0,,
2016,Jay Cutler,CHI,NFC,33,5,5,1-4-0,81,137,59.1,1059,4,2.9,5,3.6,45,54,7.7,6.7,13.1,211.8,78.1,28.1,17,104,6.2,5.3,11.0,,
2016,Andy Dalton,CIN,AFC,29,16,16,6-9-1,364,563,64.7,4206,18,3.2,8,1.4,206,86,7.5,7.5,11.6,262.9,91.8,52.3,41,264,6.5,6.5,6.8,2,1
2016,Cody Kessler,CLE,AFC,23,9,8,0-8-0,128,195,65.6,1380,6,3.1,2,1,69,44,7.1,7.2,10.8,153.3,92.3,43.4,21,140,5.7,5.9,9.7,,
2016,Josh McCown,CLE,AFC,37,5,3,0-3-0,90,165,54.5,1100,6,3.6,6,3.6,56,54,6.7,5.8,12.2,220.0,72.3,30.8,18,126,5.3,4.5,9.8,,
2016,Robert Griffin III,CLE,AFC,26,5,5,1-4-0,87,147,59.2,886,2,1.4,3,2,43,58,6.0,5.4,10.2,177.2,72.5,39.1,22,138,4.4,3.9,13.0,,
2016,Dak Prescott,DAL,NFC,23,16,16,13-3-0,311,459,67.8,3667,23,5,4,0.9,185,83,8.0,8.6,11.8,229.2,104.9,77.6,25,143,7.3,7.9,5.2,5,5
2016,Trevor Siemian,DEN,AFC,25,14,14,8-6-0,289,486,59.5,3401,18,3.7,10,2.1,155,76,7.0,6.8,11.8,242.9,84.6,49.7,31,187,6.2,6.0,6.0,3,2
2016,Paxton Lynch,DEN,AFC,22,3,2,1-1-0,49,83,59.0,497,2,2.4,1,1.2,25,31,6.0,5.9,10.1,165.7,79.2,24.1,9,42,5.0,4.9,9.8,,
2016,Matthew Stafford,DET,NFC,28,16,16,9-7-0,388,594,65.3,4327,24,4,10,1.7,218,73,7.3,7.3,11.2,270.4,93.3,65.2,37,216,6.5,6.6,5.9,8,8
2016,Aaron Rodgers,GNB,NFC,33,16,16,10-6-0,401,610,65.7,4428,40,6.6,7,1.1,226,60,7.3,8.1,11.0,276.8,104.2,72.4,35,246,6.5,7.2,5.4,0,2
2016,Brock Osweiler,HOU,AFC,26,15,14,8-6-0,301,510,59.0,2957,15,2.9,16,3.1,154,53,5.8,5.0,9.8,197.1,72.2,49.3,27,206,5.1,4.3,5.0,2,2
2016,Tom Savage,HOU,AFC,26,3,2,1-1-0,46,73,63.0,461,0,0,0,0,20,32,6.3,6.3,10.0,153.7,80.9,57.2,5,36,5.5,5.5,6.4,2,2
2016,Andrew Luck,IND,AFC,27,15,15,8-7-0,346,545,63.5,4240,31,5.7,13,2.4,206,64,7.8,7.8,12.3,282.7,96.4,65.9,41,268,6.8,6.8,7.0,4,4
2016,Scott Tolzien,IND,AFC,29,3,1,0-1-0,23,37,62.2,216,1,2.7,2,5.4,13,32,5.8,3.9,9.4,72.0,64.7,26.8,3,21,4.9,3.1,7.5,,
2016,Blake Bortles,JAX,AFC,24,16,16,3-13-0,368,625,58.9,3905,23,3.7,16,2.6,207,51,6.2,5.8,10.6,244.1,78.8,43.0,34,197,5.6,5.2,5.2,1,1
2016,Alex Smith,KAN,AFC,32,15,15,11-4-0,328,489,67.1,3502,15,3.1,8,1.6,182,80,7.2,7.0,10.7,233.5,91.2,60.8,28,140,6.5,6.4,5.4,3,3
2016,Nick Foles,KAN,AFC,27,3,1,1-0-0,36,55,65.5,410,3,5.5,0,0,15,49,7.5,8.5,11.4,136.7,105.9,29.9,4,34,6.4,7.4,6.8,,
2016,Case Keenum,LAR,NFC,28,10,9,4-5-0,196,322,60.9,2201,9,2.8,11,3.4,103,65,6.8,5.9,11.2,220.1,76.4,37.5,23,140,6.0,5.1,6.7,1,2
2016,Jared Goff,LAR,NFC,22,7,7,0-7-0,112,205,54.6,1089,5,2.4,7,3.4,48,66,5.3,4.3,9.7,155.6,63.6,18.3,26,222,3.8,2.8,11.3,,
2016,Ryan Tannehill,MIA,AFC,28,13,13,8-5-0,261,389,67.1,2995,19,4.9,12,3.1,134,74,7.7,7.3,11.5,230.4,93.5,48.6,29,216,6.7,6.3,6.9,3,3
2016,Matt Moore,MIA,AFC,32,4,3,2-1-0,55,87,63.2,721,8,9.2,3,3.4,35,66,8.3,8.6,13.1,180.3,105.6,79.1,1,0,8.2,8.5,1.1,1,2
2016,Sam Bradford,MIN,NFC,29,15,15,7-8-0,395,552,71.6,3877,20,3.6,5,0.9,199,71,7.0,7.3,9.8,258.5,99.3,53.1,37,276,6.1,6.4,6.3,1,1
2016,Shaun Hill,MIN,NFC,36,3,1,1-0-0,19,35,54.3,242,0,0,0,0,12,33,6.9,6.9,12.7,80.7,76.1,57.8,1,7,6.5,6.5,2.8,,
2016,Drew Brees,NOR,NFC,37,16,16,7-9-0,471,673,70.0,5208,37,5.5,15,2.2,265,98,7.7,7.8,11.1,325.5,101.7,66.8,27,184,7.2,7.3,3.9,2,4
2016,Tom Brady,NWE,AFC,39,12,12,11-1-0,291,432,67.4,3554,28,6.5,2,0.5,165,79,8.2,9.3,12.2,296.2,112.2,79.4,15,87,7.8,8.8,3.4,1,1
2016,Jimmy Garoppolo,NWE,AFC,25,6,2,2-0-0,43,63,68.3,502,4,6.3,0,0,22,37,8.0,9.2,11.7,83.7,113.3,87.5,3,15,7.4,8.6,4.5,1,1
2016,Jacoby Brissett,NWE,AFC,24,3,2,1-1-0,34,55,61.8,400,0,0,0,0,18,58,7.3,7.3,11.8,133.3,83.9,40.2,6,46,5.8,5.8,9.8,,
2016,Eli Manning,NYG,NFC,35,16,16,11-5-0,377,598,63.0,4027,26,4.3,16,2.7,191,75,6.7,6.4,10.7,251.7,86.0,45.7,21,142,6.3,6.0,3.4,3,6
2016,Ryan Fitzpatrick,NYJ,AFC,34,14,11,3-8-0,228,403,56.6,2710,12,3,17,4.2,130,57,6.7,5.4,11.9,193.6,69.6,39.2,19,81,6.2,5.0,4.5,,
2016,Bryce Petty,NYJ,AFC,25,6,4,1-3-0,75,133,56.4,809,3,2.3,7,5.3,35,52,6.1,4.2,10.8,134.8,60.0,15.9,13,79,5.0,3.3,8.9,1,1
2016,Geno Smith,NYJ,AFC,26,2,1,1-0-0,8,14,57.1,126,1,7.1,1,7.1,3,69,9.0,7.2,15.8,63.0,81.3,26.2,3,19,6.3,4.8,17.6,,
2016,Derek Carr,OAK,AFC,25,15,15,12-3-0,357,560,63.8,3937,28,5,6,1.1,191,75,7.0,7.5,11.0,262.5,96.7,56.1,16,79,6.7,7.2,2.8,7,7
2016,Matt McGloin,OAK,AFC,27,3,1,0-1-0,8,15,53.3,50,0,0,0,0,3,19,3.3,3.3,6.3,16.7,60.4,11.6,0,0,3.3,3.3,0.0,,
2016,Carson Wentz,PHI,NFC,24,16,16,7-9-0,379,607,62.4,3782,16,2.6,14,2.3,192,73,6.2,5.7,10.0,236.4,79.3,46.7,33,213,5.6,5.1,5.2,1,1
2016,Ben Roethlisberger,PIT,AFC,34,14,14,10-4-0,328,509,64.4,3819,29,5.7,13,2.6,184,72,7.5,7.5,11.6,272.8,95.4,60.5,17,141,7.0,7.0,3.2,2,2
2016,Landry Jones,PIT,AFC,27,8,2,1-1-0,53,86,61.6,558,4,4.7,2,2.3,27,51,6.5,6.4,10.5,69.8,86.3,40.8,4,34,5.8,5.7,4.4,1,1
2016,Philip Rivers,SDG,AFC,35,16,16,5-11-0,349,578,60.4,4386,33,5.7,21,3.6,215,59,7.6,7.1,12.6,274.1,87.9,58.7,36,188,6.8,6.4,5.9,1,1
2016,Russell Wilson,SEA,NFC,28,16,16,10-5-1,353,546,64.7,4219,21,3.8,11,2,193,59,7.7,7.6,12.0,263.7,92.6,57.1,41,293,6.7,6.6,7.0,4,3
2016,Colin Kaepernick,SFO,NFC,29,12,11,1-10-0,196,331,59.2,2241,16,4.8,4,1.2,101,65,6.8,7.2,11.4,186.8,90.7,49.2,36,207,5.5,5.9,9.8,1,1
2016,Blaine Gabbert,SFO,NFC,27,6,5,1-4-0,91,160,56.9,925,5,3.1,6,3.8,50,75,5.8,4.7,10.2,154.2,68.4,54.1,11,48,5.1,4.1,6.4,,
2016,Jameis Winston,TAM,NFC,22,16,16,9-7-0,345,567,60.8,4090,28,4.9,18,3.2,216,45,7.2,6.8,11.9,255.6,86.1,59.5,35,239,6.4,6.0,5.8,1,3
2016,Marcus Mariota,TEN,AFC,23,15,15,8-7-0,276,451,61.2,3426,26,5.8,9,2,157,60,7.6,7.9,12.4,228.4,95.6,59.1,23,156,6.9,7.1,4.9,2,2
2016,Matt Cassel,TEN,AFC,34,4,1,1-0-0,30,51,58.8,284,2,3.9,2,3.9,16,50,5.6,4.6,9.5,71.0,71.0,66.6,5,23,4.7,3.8,8.9,,
2016,Kirk Cousins,WAS,NFC,28,16,16,8-7-1,406,606,67.0,4917,25,4.1,12,2,227,80,8.1,8.0,12.1,307.3,97.2,66.5,23,190,7.5,7.5,3.7,4,4
2015,Carson Palmer,ARI,NFC,36,16,16,13-3-0,342,537,63.7,4671,35,6.5,11,2,231,68,8.7,9.1,13.7,291.9,104.6,76.4,25,151,8.0,8.4,4.4,1,4
2015,Matt Ryan,ATL,NFC,30,16,16,8-8-0,407,614,66.3,4591,21,3.4,16,2.6,228,70,7.5,7.0,11.3,286.9,89.0,64.1,30,203,6.8,6.4,4.7,4,4
2015,Joe Flacco,BAL,AFC,30,10,10,3-7-0,266,413,64.4,2791,14,3.4,12,2.9,125,50,6.8,6.1,10.5,279.1,83.1,50.8,16,124,6.2,5.6,3.7,3,3
2015,Matt Schaub,BAL,AFC,34,2,2,1-1-0,52,80,65.0,540,3,3.8,4,5,28,48,6.8,5.3,10.4,270.0,76.0,40.8,3,27,6.2,4.7,3.6,0,0
2015,Tyrod Taylor,BUF,AFC,26,14,14,7-6-0,242,380,63.7,3035,20,5.3,6,1.6,129,63,8.0,8.3,12.5,216.8,99.4,66.3,36,212,6.8,7.1,8.7,1,2
2015,EJ Manuel,BUF,AFC,25,7,2,0-2-0,52,84,61.9,561,3,3.6,3,3.6,26,58,6.7,5.8,10.8,80.1,78.5,35.7,6,45,5.7,4.9,6.7,0,0
2015,Cam Newton,CAR,NFC,26,16,16,15-1-0,296,495,59.8,3837,35,7.1,10,2,195,74,7.8,8.3,13.0,239.8,99.4,61.4,33,284,6.7,7.2,6.3,3,4
2015,Jay Cutler,CHI,NFC,32,15,15,6-9-0,311,483,64.4,3659,21,4.3,11,2.3,173,87,7.6,7.4,11.8,243.9,92.3,61.0,29,150,6.9,6.7,5.7,4,4
2015,Andy Dalton,CIN,AFC,28,13,13,10-3-0,255,386,66.1,3250,25,6.5,7,1.8,148,80,8.4,8.9,12.7,250.0,106.2,72.5,20,118,7.7,8.2,4.9,3,3
2015,A.J. McCarron,CIN,AFC,25,7,3,2-1-0,79,119,66.4,854,6,5,2,1.7,46,66,7.2,7.4,10.8,122.0,97.1,54.8,12,63,6.0,6.3,9.2,,
2015,Josh McCown,CLE,AFC,36,8,8,1-7-0,186,292,63.7,2109,12,4.1,4,1.4,96,56,7.2,7.4,11.3,263.6,93.3,52.9,23,137,6.3,6.5,7.3,1,1
2015,Johnny Manziel,CLE,AFC,23,9,6,2-4-0,129,223,57.8,1500,7,3.1,5,2.2,72,61,6.7,6.3,11.6,166.7,79.4,58.6,19,141,5.6,5.3,7.9,,
2015,Austin Davis,CLE,AFC,26,3,2,0-2-0,56,94,59.6,547,1,1.1,3,3.2,25,42,5.8,4.6,9.8,182.3,66.2,33.6,11,96,4.3,3.2,10.5,,
2015,Tony Romo,DAL,NFC,35,4,4,3-1-0,83,121,68.6,884,5,4.1,7,5.8,47,39,7.3,5.5,10.7,221.0,79.4,50.5,6,35,6.7,5.0,4.7,1,2
2015,Kellen Moore,DAL,NFC,26,3,2,0-2-0,61,104,58.7,779,4,3.8,6,5.8,40,36,7.5,5.7,12.8,259.7,71.0,23.0,5,23,6.9,5.2,4.6,,
2015,Peyton Manning,DEN,AFC,39,10,9,7-2-0,198,331,59.8,2249,9,2.7,17,5.1,110,75,6.8,5.0,11.4,224.9,67.9,44.2,16,95,6.2,4.5,4.6,3,3
2015,Brock Osweiler,DEN,AFC,25,8,7,5-2-0,170,275,61.8,1967,10,3.6,6,2.2,92,72,7.2,6.9,11.6,245.9,86.4,54.9,23,151,6.1,5.9,7.7,2,2
2015,Matthew Stafford,DET,NFC,27,16,16,7-9-0,398,592,67.2,4262,32,5.4,13,2.2,224,57,7.2,7.3,10.7,266.4,97.0,58.3,44,251,6.3,6.4,6.9,2,3
2015,Aaron Rodgers,GNB,NFC,32,16,16,10-6-0,347,572,60.7,3821,31,5.4,8,1.4,177,65,6.7,7.1,11.0,238.8,92.7,60.0,46,314,5.7,6.1,7.4,2,2
2015,Brian Hoyer,HOU,AFC,30,11,9,5-4-0,224,369,60.7,2606,19,5.1,7,1.9,130,49,7.1,7.2,11.6,236.9,91.4,52.8,25,185,6.1,6.3,6.3,1,1
2015,T.J. Yates,HOU,AFC,28,4,2,2-0-0,28,57,49.1,370,3,5.3,1,1.8,19,61,6.5,6.8,13.2,92.5,80.3,50.1,5,33,5.4,5.7,8.1,1,1
2015,Andrew Luck,IND,AFC,26,7,7,2-5-0,162,293,55.3,1881,15,5.1,12,4.1,92,87,6.4,5.6,11.6,268.7,74.9,52.4,15,88,5.8,5.0,4.9,1,2
2015,Matt Hasselbeck,IND,AFC,40,8,8,5-3-0,156,256,60.9,1690,9,3.5,5,2,87,57,6.6,6.4,10.8,211.3,84.0,45.1,16,101,5.8,5.7,5.9,1,2
2015,Josh Freeman,IND,AFC,27,1,1,1-0-0,15,28,53.6,149,1,3.6,1,3.6,7,57,5.3,4.4,9.9,149.0,65.9,51.8,1,7,4.9,4.0,3.4,,
2015,Blake Bortles,JAX,AFC,23,16,16,5-11-0,355,606,58.6,4428,35,5.8,18,3,220,90,7.3,7.1,12.5,276.8,88.2,51.4,51,320,6.3,6.1,7.8,3,4
2015,Alex Smith,KAN,AFC,31,16,16,11-5-0,307,470,65.3,3486,20,4.3,7,1.5,155,80,7.4,7.6,11.4,217.9,95.4,61.1,45,235,6.3,6.5,8.7,1,1
2015,Ryan Tannehill,MIA,AFC,27,16,16,6-10-0,363,586,61.9,4208,24,4.1,12,2,195,54,7.2,7.1,11.6,263.0,88.7,45.6,45,420,6.0,5.9,7.1,2,2
2015,Teddy Bridgewater,MIN,NFC,23,16,16,11-5-0,292,447,65.3,3231,14,3.1,9,2,153,52,7.2,6.9,11.1,201.9,88.7,57.7,44,307,6.0,5.7,9.0,1,1
2015,Drew Brees,NOR,NFC,36,15,15,7-8-0,428,627,68.3,4870,32,5.1,11,1.8,228,80,7.8,8.0,11.4,324.7,101.0,66.8,31,235,7.0,7.3,4.7,1,2
2015,Luke McCown,NOR,NFC,34,8,1,0-1-0,32,39,82.1,335,0,0,1,2.6,19,25,8.6,7.4,10.5,41.9,91.8,92.4,1,0,8.4,7.3,2.5,,
2015,Tom Brady,NWE,AFC,38,16,16,12-4-0,402,624,64.4,4770,36,5.8,7,1.1,229,76,7.6,8.3,11.9,298.1,102.2,68.4,38,225,6.9,7.5,5.7,2,2
2015,Eli Manning,NYG,NFC,34,16,16,6-10-0,387,618,62.6,4432,35,5.7,14,2.3,206,87,7.2,7.3,11.5,277.0,93.6,57.9,27,157,6.6,6.7,4.2,1,2
2015,Ryan Fitzpatrick,NYJ,AFC,33,16,16,10-6-0,335,562,59.6,3905,31,5.5,15,2.7,197,69,6.9,6.9,11.7,244.1,88.0,62.0,19,94,6.6,6.5,3.3,2,3
2015,Derek Carr,OAK,AFC,24,16,16,7-9-0,350,573,61.1,3987,32,5.6,13,2.3,188,68,7.0,7.1,11.4,249.2,91.1,43.1,31,230,6.2,6.3,5.1,4,4
2015,Sam Bradford,PHI,NFC,28,14,14,7-7-0,346,532,65.0,3725,19,3.6,14,2.6,170,78,7.0,6.5,10.8,266.1,86.4,39.2,28,200,6.3,5.9,5.0,0,2
2015,Mark Sanchez,PHI,NFC,29,4,2,0-2-0,59,91,64.8,616,4,4.4,4,4.4,30,43,6.8,5.7,10.4,154.0,80.7,28.1,9,54,5.6,4.6,9.0,,
2015,Ben Roethlisberger,PIT,AFC,33,12,11,7-4-0,319,469,68.0,3938,21,4.5,16,3.4,175,69,8.4,7.8,12.3,328.2,94.5,72.8,20,141,7.8,7.2,4.1,1,1
2015,Michael Vick,PIT,AFC,35,5,3,2-1-0,40,66,60.6,371,2,3,1,1.5,14,72,5.6,5.5,9.3,74.2,79.8,31.8,10,53,4.2,4.1,13.2,1,1
2015,Landry Jones,PIT,AFC,26,7,2,1-1-0,32,55,58.2,513,3,5.5,4,7.3,19,88,9.3,7.1,16.0,73.3,77.3,50.7,2,17,8.7,6.6,3.5,0,1
2015,Philip Rivers,SDG,AFC,34,16,16,4-12-0,437,661,66.1,4792,29,4.4,13,2,227,80,7.2,7.2,11.0,299.5,93.8,57.3,40,264,6.5,6.5,5.7,1,2
2015,Russell Wilson,SEA,NFC,27,16,16,10-6-0,329,483,68.1,4024,34,7,8,1.7,190,80,8.3,9.0,12.2,251.5,110.1,68.6,45,265,7.1,7.7,8.5,2,2
2015,Blaine Gabbert,SFO,NFC,26,8,8,3-5-0,178,282,63.1,2031,10,3.5,7,2.5,85,71,7.2,6.8,11.4,253.9,86.2,37.6,25,164,6.1,5.7,8.1,2,2
2015,Colin Kaepernick,SFO,NFC,28,9,8,2-6-0,144,244,59.0,1615,6,2.5,5,2,73,76,6.6,6.2,11.2,179.4,78.5,43.7,28,166,5.3,4.9,10.3,,
2015,Nick Foles,STL,NFC,26,11,11,4-7-0,190,337,56.4,2052,7,2.1,10,3,85,68,6.1,5.2,10.8,186.5,69.0,28.9,14,98,5.6,4.7,4.0,1,1
2015,Case Keenum,STL,NFC,27,6,5,3-2-0,76,125,60.8,828,4,3.2,1,0.8,42,60,6.6,6.9,10.9,138.0,87.7,34.8,4,28,6.2,6.5,3.1,,
2015,Jameis Winston,TAM,NFC,21,16,16,6-10-0,312,535,58.3,4042,22,4.1,15,2.8,201,68,7.6,7.1,13.0,252.6,84.2,57.2,27,190,6.9,6.4,4.8,2,3
2015,Marcus Mariota,TEN,AFC,22,12,12,3-9-0,230,370,62.2,2818,19,5.1,10,2.7,142,61,7.6,7.4,12.3,234.8,91.5,48.4,38,258,6.3,6.1,9.3,2,2
2015,Zach Mettenberger,TEN,AFC,24,7,4,0-4-0,101,166,60.8,935,4,2.4,7,4.2,46,57,5.6,4.2,9.3,133.6,66.7,20.3,13,98,4.7,3.4,7.3,,
2015,Kirk Cousins,WAS,NFC,27,16,16,9-7-0,379,543,69.8,4166,29,5.3,11,2,205,78,7.7,7.8,11.0,260.4,101.6,67.8,26,186,7.0,7.1,4.6,2,3
2014,Drew Stanton,ARI,NFC,30,9,8,5-3-0,132,240,55.0,1711,7,2.9,5,2.1,77,49,7.1,6.8,13.0,190.1,78.7,51.7,11,66,6.6,6.2,4.4,1,1
2014,Carson Palmer,ARI,NFC,35,6,6,6-0-0,141,224,62.9,1626,11,4.9,3,1.3,82,80,7.3,7.6,11.5,271.0,95.6,63.7,9,59,6.7,7.1,3.9,2,2
2014,Matt Ryan,ATL,NFC,29,16,16,6-10-0,415,628,66.1,4694,28,4.5,14,2.2,233,79,7.5,7.4,11.3,293.4,93.9,68.4,31,205,6.8,6.7,4.7,3,3
2014,Joe Flacco,BAL,AFC,29,16,16,10-6-0,344,554,62.1,3986,27,4.9,12,2.2,194,80,7.2,7.2,11.6,249.1,91.0,68.2,19,167,6.7,6.7,3.3,2,2
2014,Kyle Orton,BUF,AFC,32,12,12,7-5-0,287,447,64.2,3018,18,4,10,2.2,148,84,6.8,6.6,10.5,251.5,87.8,43.9,33,198,5.9,5.7,6.9,2,2
2014,EJ Manuel,BUF,AFC,24,5,4,2-2-0,76,131,58.0,838,5,3.8,3,2.3,41,80,6.4,6.1,11.0,167.6,80.3,24.6,6,44,5.8,5.5,4.4,0,1
2014,Cam Newton,CAR,NFC,25,14,14,5-8-1,262,448,58.5,3127,18,4,12,2.7,156,51,7.0,6.6,11.9,223.4,82.1,57.3,38,300,5.8,5.5,7.8,3,2
2014,Derek Anderson,CAR,NFC,31,6,2,2-0-0,65,97,67.0,701,5,5.2,0,0,44,35,7.2,8.3,10.8,116.8,105.2,76.6,4,17,6.8,7.8,4.0,,
2014,Jay Cutler,CHI,NFC,31,15,15,5-10-0,370,561,66.0,3812,28,5,18,3.2,181,74,6.8,6.3,10.3,254.1,88.6,51.8,38,223,6.0,5.6,6.3,1,1
2014,Jimmy Clausen,CHI,NFC,27,4,1,0-1-0,26,48,54.2,223,2,4.2,1,2.1,13,22,4.6,4.5,8.6,55.8,71.8,44.1,3,20,4.0,3.9,5.9,,
2014,Andy Dalton,CIN,AFC,27,16,16,10-5-1,309,481,64.2,3398,19,4,17,3.5,160,81,7.1,6.3,11.0,212.4,83.5,48.5,21,124,6.5,5.8,4.2,4,3
2014,Brian Hoyer,CLE,AFC,29,14,13,7-6-0,242,438,55.3,3326,12,2.7,13,3,163,81,7.6,6.8,13.7,237.6,76.5,38.4,24,160,6.9,6.1,5.2,4,4
2014,Johnny Manziel,CLE,AFC,22,5,2,0-2-0,18,35,51.4,175,0,0,2,5.7,6,32,5.0,2.4,9.7,35.0,42.0,7.3,3,26,3.9,1.6,7.9,,
2014,Connor Shaw,CLE,AFC,23,1,1,0-1-0,14,28,50.0,177,0,0,1,3.6,10,49,6.3,4.7,12.6,177.0,55.2,20.0,4,27,4.7,3.3,12.5,,
2014,Tony Romo,DAL,NFC,34,15,15,12-3-0,304,435,69.9,3705,34,7.8,9,2.1,191,68,8.5,9.1,12.2,247.0,113.2,79.7,29,215,7.5,8.1,6.3,3,4
2014,Brandon Weeden,DAL,NFC,31,5,1,0-1-0,24,41,58.5,303,3,7.3,2,4.9,16,43,7.4,6.7,12.6,60.6,85.7,7.2,1,9,7.0,6.3,2.4,,
2014,Peyton Manning,DEN,AFC,38,16,16,12-4-0,395,597,66.2,4727,39,6.5,15,2.5,227,86,7.9,8.1,12.0,295.4,101.5,72.0,17,118,7.5,7.7,2.8,1,1
2014,Matthew Stafford,DET,NFC,26,16,16,11-5-0,363,602,60.3,4257,22,3.7,12,2,212,73,7.1,6.9,11.7,266.1,85.7,47.3,45,254,6.2,6.0,7.0,5,5
2014,Aaron Rodgers,GNB,NFC,31,16,16,12-4-0,341,520,65.6,4381,38,7.3,5,1,221,80,8.4,9.5,12.8,273.8,112.2,78.3,28,174,7.7,8.7,5.1,1,1
2014,Ryan Fitzpatrick,HOU,AFC,32,12,12,6-6-0,197,312,63.1,2483,17,5.4,8,2.6,120,76,8.0,7.9,12.6,206.9,95.3,61.1,21,83,7.2,7.2,6.3,,
2014,Ryan Mallett,HOU,AFC,26,3,2,1-1-0,41,75,54.7,400,2,2.7,2,2.7,23,41,5.3,4.7,9.8,133.3,67.6,47.3,1,5,5.2,4.5,1.3,,
2014,Andrew Luck,IND,AFC,25,16,16,11-5-0,380,616,61.7,4761,40,6.5,16,2.6,235,80,7.7,7.9,12.5,297.6,96.5,62.6,27,161,7.2,7.3,4.2,1,1
2014,Blake Bortles,JAX,AFC,22,14,13,3-10-0,280,475,58.9,2908,11,2.3,17,3.6,136,63,6.1,5.0,10.4,207.7,69.5,26.7,55,345,4.8,3.8,10.4,1,1
2014,Chad Henne,JAX,AFC,29,3,3,0-3-0,42,78,53.8,492,3,3.8,1,1.3,19,63,6.3,6.5,11.7,164.0,80.7,26.2,16,105,4.1,4.3,17.0,,
2014,Alex Smith,KAN,AFC,30,15,15,8-7-0,303,464,65.3,3265,18,3.9,6,1.3,179,70,7.0,7.2,10.8,217.7,93.4,51.7,45,229,6.0,6.1,8.8,3,3
2014,Chase Daniel,KAN,AFC,28,3,1,1-0-0,16,28,57.1,157,0,0,0,0,8,30,5.6,5.6,9.8,52.3,73.1,30.0,4,17,4.4,4.4,12.5,,
2014,Ryan Tannehill,MIA,AFC,26,16,16,8-8-0,392,590,66.4,4045,27,4.6,12,2,225,50,6.9,6.9,10.3,252.8,92.8,59.3,46,337,5.8,5.8,7.2,2,1
2014,Teddy Bridgewater,MIN,NFC,22,13,12,6-6-0,259,402,64.4,2919,14,3.5,12,3,137,87,7.3,6.6,11.3,224.5,85.2,54.4,39,249,6.1,5.5,8.8,3,3
2014,Matt Cassel,MIN,NFC,32,3,3,1-2-0,41,71,57.7,425,3,4.2,4,5.6,21,28,6.0,4.3,10.4,141.7,65.8,47.4,6,39,5.0,3.5,7.8,,
2014,Christian Ponder,MIN,NFC,26,2,1,0-1-0,22,44,50.0,222,0,0,2,4.5,13,18,5.0,3.0,10.1,111.0,45.8,7.0,6,34,3.8,2.0,12.0,,
2014,Drew Brees,NOR,NFC,35,16,16,7-9-0,456,659,69.2,4952,33,5,17,2.6,259,69,7.5,7.4,10.9,309.5,97.0,74.8,29,186,6.9,6.8,4.2,2,2
2014,Tom Brady,NWE,AFC,37,16,16,12-4-0,373,582,64.1,4109,33,5.7,9,1.5,221,69,7.1,7.5,11.0,256.8,97.4,76.2,21,134,6.6,7.0,3.5,2,2
2014,Eli Manning,NYG,NFC,33,16,16,6-10-0,379,601,63.1,4410,30,5,14,2.3,219,80,7.3,7.3,11.6,275.6,92.1,62.5,28,187,6.7,6.7,4.5,1,1
2014,Geno Smith,NYJ,AFC,24,14,13,3-10-0,219,367,59.7,2525,13,3.5,13,3.5,119,74,6.9,6.0,11.5,180.4,77.5,45.9,28,175,6.0,5.1,7.1,1,2
2014,Michael Vick,NYJ,AFC,34,10,3,1-2-0,64,121,52.9,604,3,2.5,2,1.7,33,67,5.0,4.7,9.4,60.4,68.3,21.4,19,85,3.7,3.5,13.6,,
2014,Derek Carr,OAK,AFC,23,16,16,3-13-0,348,599,58.1,3270,21,3.5,12,2,163,77,5.5,5.3,9.4,204.4,76.6,40.1,24,149,5.0,4.8,3.9,1,1
2014,Nick Foles,PHI,NFC,25,8,8,6-2-0,186,311,59.8,2163,13,4.2,10,3.2,101,68,7.0,6.3,11.6,270.4,81.4,64.1,9,74,6.5,5.9,2.8,2,3
2014,Mark Sanchez,PHI,NFC,28,9,8,4-4-0,198,309,64.1,2418,14,4.5,11,3.6,119,72,7.8,7.1,12.2,268.7,88.4,57.5,23,151,6.8,6.2,6.9,,
2014,Ben Roethlisberger,PIT,AFC,32,16,16,11-5-0,408,608,67.1,4952,32,5.3,9,1.5,244,94,8.1,8.5,12.1,309.5,103.3,68.7,33,172,7.5,7.8,5.1,2,3
2014,Philip Rivers,SDG,AFC,33,16,16,9-7-0,379,570,66.5,4286,31,5.4,18,3.2,213,59,7.5,7.2,11.3,267.9,93.8,63.6,36,189,6.8,6.5,5.9,3,3
2014,Russell Wilson,SEA,NFC,26,16,16,12-4-0,285,452,63.1,3475,20,4.4,7,1.5,161,80,7.7,7.9,12.2,217.2,95.0,71.5,42,242,6.5,6.7,8.5,1,4
2014,Colin Kaepernick,SFO,NFC,27,16,16,8-8-0,289,478,60.5,3369,19,4,10,2.1,164,80,7.0,6.9,11.7,210.6,86.4,60.9,52,344,5.7,5.6,9.8,3,2
2014,Austin Davis,STL,NFC,25,10,8,3-5-0,180,284,63.4,2001,12,4.2,9,3.2,106,59,7.0,6.5,11.1,200.1,85.1,44.2,29,179,5.8,5.3,9.3,1,2
2014,Shaun Hill,STL,NFC,34,9,8,3-5-0,145,229,63.3,1657,8,3.5,7,3.1,82,63,7.2,6.6,11.4,184.1,83.9,45.2,18,116,6.2,5.6,7.3,,
2014,Josh McCown,TAM,NFC,35,11,11,1-10-0,184,327,56.3,2206,11,3.4,14,4.3,100,56,6.7,5.5,12.0,200.5,70.5,38.0,36,235,5.4,4.3,9.9,,
2014,Mike Glennon,TAM,NFC,25,6,5,1-4-0,117,203,57.6,1417,10,4.9,6,3,64,41,7.0,6.6,12.1,236.2,83.3,51.5,16,91,6.1,5.7,7.3,1,1
2014,Charlie Whitehurst,TEN,AFC,32,7,5,1-4-0,105,185,56.8,1326,7,3.8,2,1.1,55,75,7.2,7.4,12.6,189.4,87.4,41.7,18,103,6.0,6.3,8.9,,
2014,Zach Mettenberger,TEN,AFC,23,7,6,0-6-0,107,179,59.8,1412,8,4.5,7,3.9,56,80,7.9,7.0,13.2,201.7,83.4,30.8,18,138,6.5,5.7,9.1,,
2014,Jake Locker,TEN,AFC,26,7,5,1-4-0,86,146,58.9,993,5,3.4,7,4.8,47,61,6.8,5.3,11.5,141.9,70.9,43.8,14,85,5.7,4.3,8.8,,
2014,Robert Griffin III,WAS,NFC,24,9,7,2-5-0,147,214,68.7,1694,4,1.9,6,2.8,70,69,7.9,7.0,11.5,188.2,86.9,28.3,33,227,5.9,5.2,13.4,0,1
2014,Kirk Cousins,WAS,NFC,26,6,5,1-4-0,126,204,61.8,1710,10,4.9,9,4.4,75,81,8.4,7.4,13.6,285.0,86.4,52.0,8,70,7.7,6.8,3.8,,
2014,Colt McCoy,WAS,NFC,28,5,4,1-3-0,91,128,71.1,1057,4,3.1,3,2.3,44,70,8.3,7.8,11.6,211.4,96.4,36.4,17,117,6.5,6.1,11.7,1,2
2013,Carson Palmer,ARI,NFC,34,16,16,10-6-0,362,572,63.3,4274,24,4.2,22,3.8,205,91,7.5,6.6,11.8,267.1,83.9,54.0,41,289,6.5,5.7,6.7,3,4
2013,Matt Ryan,ATL,NFC,28,16,16,4-12-0,439,651,67.4,4515,26,4,17,2.6,228,81,6.9,6.6,10.3,282.2,89.6,67.5,44,298,6.1,5.7,6.3,1,1
2013,Joe Flacco,BAL,AFC,28,16,16,8-8-0,362,614,59.0,3912,19,3.1,22,3.6,191,74,6.4,5.4,10.8,244.5,73.1,48.0,48,324,5.4,4.5,7.3,2,4
2013,EJ Manuel,BUF,AFC,23,10,10,4-6-0,180,306,58.8,1972,11,3.6,9,2.9,89,45,6.4,5.8,11.0,197.2,77.7,38.2,28,159,5.4,4.9,8.4,1,2
2013,Thaddeus Lewis,BUF,AFC,28,6,5,2-3-0,93,157,59.2,1092,4,2.5,3,1.9,49,57,7.0,6.6,11.7,182.0,81.0,21.0,18,100,5.7,5.4,10.3,1,1
2013,Jeff Tuel,BUF,AFC,22,2,1,0-1-0,26,59,44.1,309,1,1.7,3,5.1,15,59,5.2,3.3,11.9,154.5,45.1,11.7,2,11,4.9,3.0,3.3,,
2013,Cam Newton,CAR,NFC,24,16,16,12-4-0,292,473,61.7,3379,24,5.1,13,2.7,172,79,7.1,6.9,11.6,211.2,88.8,64.3,43,336,5.9,5.7,8.3,4,4
2013,Jay Cutler,CHI,NFC,30,11,11,5-6-0,224,355,63.1,2621,19,5.4,12,3.4,125,67,7.4,6.9,11.7,238.3,89.2,70.1,19,132,6.7,6.2,5.1,3,3
2013,Josh McCown,CHI,NFC,34,8,5,3-2-0,149,224,66.5,1829,13,5.8,1,0.4,94,80,8.2,9.1,12.3,228.6,109.0,82.4,11,37,7.6,8.5,4.7,1,1
2013,Andy Dalton,CIN,AFC,26,16,16,11-5-0,363,586,61.9,4293,33,5.6,20,3.4,206,82,7.3,6.9,11.8,268.3,88.8,54.8,29,182,6.7,6.3,4.7,1,3
2013,Jason Campbell,CLE,AFC,32,9,8,1-7-0,180,317,56.8,2015,11,3.5,8,2.5,86,80,6.4,5.9,11.2,223.9,76.9,43.3,16,104,5.7,5.3,4.8,,
2013,Brandon Weeden,CLE,AFC,30,8,5,0-5-0,141,267,52.8,1731,9,3.4,9,3.4,81,95,6.5,5.6,12.3,216.4,70.3,34.4,27,180,5.3,4.5,9.2,0,1
2013,Brian Hoyer,CLE,AFC,28,3,3,3-0-0,57,96,59.4,615,5,5.2,3,3.1,33,47,6.4,6.0,10.8,205.0,82.6,51.1,6,48,5.6,5.2,5.9,1,1
2013,Tony Romo,DAL,NFC,33,15,15,8-7-0,342,535,63.9,3828,31,5.8,10,1.9,198,82,7.2,7.5,11.2,255.2,96.7,61.9,35,272,6.2,6.5,6.1,2,4
2013,Kyle Orton,DAL,NFC,31,3,1,0-1-0,33,51,64.7,398,2,3.9,2,3.9,19,39,7.8,6.8,12.1,132.7,85.3,47.2,0,0,7.8,6.8,0.0,,
2013,Peyton Manning,DEN,AFC,37,16,16,13-3-0,450,659,68.3,5477,55,8.3,10,1.5,291,78,8.3,9.3,12.2,342.3,115.1,79.0,18,120,7.9,8.9,2.7,2,2
2013,Matthew Stafford,DET,NFC,25,16,16,7-9-0,371,634,58.5,4650,29,4.6,19,3,223,87,7.3,6.9,12.5,290.6,84.2,53.5,23,168,6.8,6.4,3.5,2,3
2013,Aaron Rodgers,GNB,NFC,30,9,9,6-3-0,193,290,66.6,2536,17,5.9,6,2.1,108,83,8.7,9.0,13.1,281.8,104.9,61.6,21,117,7.8,8.0,6.8,1,1
2013,Scott Tolzien,GNB,NFC,26,3,2,0-1-1,55,90,61.1,717,1,1.1,5,5.6,29,52,8.0,5.7,13.0,239.0,66.8,25.5,3,26,7.4,5.2,3.2,,
2013,Seneca Wallace,GNB,NFC,33,2,1,0-1-0,16,24,66.7,139,0,0,1,4.2,7,17,5.8,3.9,8.7,69.5,64.4,9.2,4,25,4.1,2.5,14.3,,
2013,Matt Schaub,HOU,AFC,32,10,8,2-6-0,219,358,61.2,2310,10,2.8,14,3.9,116,46,6.5,5.3,10.5,231.0,73.0,38.3,21,162,5.7,4.5,5.5,2,2
2013,Case Keenum,HOU,AFC,25,8,8,0-8-0,137,253,54.2,1760,9,3.6,6,2.4,76,66,7.0,6.6,12.8,220.0,78.2,48.6,19,201,5.7,5.4,7.0,,
2013,Andrew Luck,IND,AFC,24,16,16,11-5-0,343,570,60.2,3822,23,4,9,1.6,189,73,6.7,6.8,11.1,238.9,87.0,63.8,32,227,6.0,6.1,5.3,3,3
2013,Chad Henne,JAX,AFC,28,15,13,4-9-0,305,503,60.6,3241,13,2.6,14,2.8,152,62,6.4,5.7,10.6,216.1,76.5,34.9,38,243,5.5,4.9,7.0,1,1
2013,Blaine Gabbert,JAX,AFC,24,3,3,0-3-0,42,86,48.8,481,1,1.2,7,8.1,23,67,5.6,2.2,11.5,160.3,36.0,4.0,12,67,4.2,1.2,12.2,,
2013,Alex Smith,KAN,AFC,29,15,15,11-4-0,308,508,60.6,3313,23,4.5,7,1.4,168,71,6.5,6.8,10.8,220.9,89.1,45.0,39,210,5.7,5.9,7.1,1,1
2013,Chase Daniel,KAN,AFC,27,5,1,0-1-0,25,38,65.8,248,1,2.6,1,2.6,14,48,6.5,5.9,9.9,49.6,81.9,70.0,2,11,5.9,5.3,5.0,,
2013,Ryan Tannehill,MIA,AFC,25,16,16,8-8-0,355,588,60.4,3913,24,4.1,17,2.9,204,67,6.7,6.2,11.0,244.6,81.7,48.4,58,399,5.4,5.0,9.0,4,3
2013,Matt Cassel,MIN,NFC,31,9,6,3-3-0,153,254,60.2,1807,11,4.3,9,3.5,83,79,7.1,6.4,11.8,200.8,81.6,52.3,16,85,6.4,5.7,5.9,2,2
2013,Christian Ponder,MIN,NFC,25,9,9,2-6-1,152,239,63.6,1648,7,2.9,9,3.8,83,47,6.9,5.8,10.8,183.1,77.9,42.2,27,119,5.8,4.8,10.2,1,0
2013,Drew Brees,NOR,NFC,34,16,16,11-5-0,446,650,68.6,5162,39,6,12,1.8,246,76,7.9,8.3,11.6,322.6,104.7,69.1,37,244,7.2,7.5,5.4,2,2
2013,Tom Brady,NWE,AFC,36,16,16,12-4-0,380,628,60.5,4343,25,4,11,1.8,226,81,6.9,6.9,11.4,271.4,87.3,63.1,40,256,6.1,6.1,6.0,5,5
2013,Eli Manning,NYG,NFC,32,16,16,7-9-0,317,551,57.5,3818,18,3.3,27,4.9,174,70,6.9,5.4,12.0,238.6,69.4,38.6,39,281,6.0,4.6,6.6,1,2
2013,Geno Smith,NYJ,AFC,23,16,16,8-8-0,247,443,55.8,3046,12,2.7,21,4.7,148,69,6.9,5.3,12.3,190.4,66.5,41.0,43,315,5.6,4.2,8.8,2,5
2013,Terrelle Pryor,OAK,AFC,24,11,9,3-6-0,156,272,57.4,1798,7,2.6,11,4,86,73,6.6,5.3,11.5,163.5,69.1,,31,203,5.3,4.1,10.2,,
2013,Matt McGloin,OAK,AFC,24,7,6,1-5-0,118,211,55.9,1547,8,3.8,8,3.8,70,52,7.3,6.4,13.1,221.0,76.1,46.0,6,53,6.9,6.0,2.8,,
2013,Nick Foles,PHI,NFC,24,13,10,8-2-0,203,317,64.0,2891,27,8.5,2,0.6,130,63,9.1,10.5,14.2,222.4,119.2,69.5,28,173,7.9,9.2,8.1,1,1
2013,Michael Vick,PHI,NFC,33,7,6,2-4-0,77,141,54.6,1215,5,3.5,3,2.1,52,70,8.6,8.4,15.8,173.6,86.5,53.5,15,99,7.2,6.9,9.6,,
2013,Ben Roethlisberger,PIT,AFC,31,16,16,8-8-0,375,584,64.2,4261,28,4.8,14,2.4,211,67,7.3,7.2,11.4,266.3,92.0,58.0,42,282,6.4,6.2,6.7,1,3
2013,Philip Rivers,SDG,AFC,32,16,16,9-7-0,378,544,69.5,4478,32,5.9,11,2,233,60,8.2,8.5,11.8,279.9,105.5,75.1,30,150,7.5,7.8,5.2,4,4
2013,Russell Wilson,SEA,NFC,25,16,16,13-3-0,257,407,63.1,3357,26,6.4,9,2.2,157,80,8.2,8.5,13.1,209.8,101.2,67.2,44,272,6.8,7.1,9.8,3,4
2013,Colin Kaepernick,SFO,NFC,26,16,16,12-4-0,243,416,58.4,3197,21,5,8,1.9,148,64,7.7,7.8,13.2,199.8,91.6,67.3,39,231,6.5,6.7,8.6,2,3
2013,Sam Bradford,STL,NFC,26,7,7,3-4-0,159,262,60.7,1687,14,5.3,4,1.5,86,73,6.4,6.8,10.6,241.0,90.9,56.9,15,97,5.7,6.1,5.4,1,1
2013,Kellen Clemens,STL,NFC,30,10,9,4-5-0,142,242,58.7,1673,8,3.3,7,2.9,81,81,6.9,6.3,11.8,167.3,78.8,43.4,21,138,5.8,5.3,8.0,,
2013,Mike Glennon,TAM,NFC,24,13,13,4-9-0,247,416,59.4,2608,19,4.6,9,2.2,128,85,6.3,6.2,10.6,200.6,83.9,55.2,40,314,5.0,5.0,8.8,2,2
2013,Ryan Fitzpatrick,TEN,AFC,31,11,9,3-6-0,217,350,62.0,2454,14,4,12,3.4,119,77,7.0,6.3,11.3,223.1,82.0,58.7,21,109,6.3,5.6,5.7,2,2
2013,Jake Locker,TEN,AFC,25,7,7,4-3-0,111,183,60.7,1256,8,4.4,4,2.2,58,66,6.9,6.8,11.3,179.4,86.7,55.2,16,105,5.8,5.7,8.0,1,2
2013,Robert Griffin III,WAS,NFC,23,13,13,3-10-0,274,456,60.1,3203,16,3.5,12,2.6,159,62,7.0,6.5,11.7,246.4,82.2,50.4,38,274,5.9,5.5,7.7,1,2
2013,Kirk Cousins,WAS,NFC,25,5,3,0-3-0,81,155,52.3,854,4,2.6,7,4.5,42,62,5.5,4.0,10.5,170.8,58.4,36.5,5,32,5.1,3.7,3.1,,
2012,John Skelton,ARI,NFC,24,7,6,1-5-0,109,201,54.2,1132,2,1,9,4.5,55,40,5.6,3.8,10.4,161.7,55.4,18.3,15,98,4.8,3.1,6.9,1,1
2012,Kevin Kolb,ARI,NFC,28,6,5,3-2-0,109,183,59.6,1169,8,4.4,3,1.6,63,46,6.4,6.5,10.7,194.8,86.1,42.7,27,159,4.8,4.9,12.9,2,2
2012,Ryan Lindley,ARI,NFC,23,6,4,1-3-0,89,171,52.0,752,0,0,7,4.1,39,28,4.4,2.6,8.4,125.3,46.7,9.2,12,91,3.6,1.9,6.6,,
2012,Brian Hoyer,ARI,NFC,27,2,1,0-1-0,30,53,56.6,330,1,1.9,2,3.8,12,53,6.2,4.9,11.0,165.0,65.8,28.7,4,30,5.3,4.0,7.0,,
2012,Matt Ryan,ATL,NFC,27,16,16,13-3-0,422,615,68.6,4719,32,5.2,14,2.3,248,80,7.7,7.7,11.2,294.9,99.1,71.6,28,210,7.0,7.0,4.4,4,6
2012,Joe Flacco,BAL,AFC,27,16,16,10-6-0,317,531,59.7,3817,22,4.1,10,1.9,178,61,7.2,7.2,12.0,238.6,87.7,51.1,35,227,6.3,6.3,6.2,3,3
2012,Ryan Fitzpatrick,BUF,AFC,30,16,16,6-10-0,306,505,60.6,3400,24,4.8,16,3.2,175,68,6.7,6.3,11.1,212.5,83.3,43.8,30,161,6.1,5.6,5.6,0,1
2012,Cam Newton,CAR,NFC,23,16,16,7-9-0,280,485,57.7,3869,19,3.9,12,2.5,171,82,8.0,7.6,13.8,241.8,86.2,58.3,36,244,7.0,6.7,6.9,1,1
2012,Jay Cutler,CHI,NFC,29,15,15,10-5-0,255,434,58.8,3033,19,4.4,14,3.2,152,60,7.0,6.4,11.9,202.2,81.3,48.1,38,250,5.9,5.4,8.1,1,1
2012,Jason Campbell,CHI,NFC,31,6,1,0-1-0,32,51,62.7,265,2,3.9,2,3.9,10,45,5.2,4.2,8.3,44.2,72.8,9.2,6,49,3.8,2.9,10.5,,
2012,Andy Dalton,CIN,AFC,25,16,16,10-6-0,329,528,62.3,3669,27,5.1,16,3,172,59,6.9,6.6,11.2,229.3,87.4,47.7,46,229,6.0,5.7,8.0,1,3
2012,Brandon Weeden,CLE,AFC,29,15,15,5-10-0,297,517,57.4,3385,14,2.7,17,3.3,169,71,6.5,5.6,11.4,225.7,72.6,33.9,28,186,5.9,5.0,5.1,1,1
2012,Thaddeus Lewis,CLE,AFC,27,1,1,0-1-0,22,32,68.8,204,1,3.1,1,3.1,12,23,6.4,5.6,9.3,204.0,83.3,54.5,3,14,5.4,4.7,8.6,,
2012,Tony Romo,DAL,NFC,32,16,16,8-8-0,425,648,65.6,4903,28,4.3,19,2.9,232,85,7.6,7.1,11.5,306.4,90.5,65.4,36,263,6.8,6.4,5.3,5,5
2012,Peyton Manning,DEN,AFC,36,16,16,13-3-0,400,583,68.6,4659,37,6.3,11,1.9,231,71,8.0,8.4,11.6,291.2,105.8,79.6,21,137,7.5,7.9,3.5,3,3
2012,Matthew Stafford,DET,NFC,24,16,16,4-12-0,435,727,59.8,4967,20,2.8,17,2.3,267,57,6.8,6.3,11.4,310.4,79.8,56.1,29,212,6.3,5.8,3.8,3,3
2012,Aaron Rodgers,GNB,NFC,29,16,16,11-5-0,371,552,67.2,4295,39,7.1,8,1.4,215,73,7.8,8.5,11.6,268.4,108.0,71.2,51,293,6.6,7.3,8.5,2,3
2012,Matt Schaub,HOU,AFC,31,16,16,12-4-0,350,544,64.3,4008,22,4,12,2.2,203,60,7.4,7.2,11.5,250.5,90.7,61.3,27,216,6.6,6.5,4.7,2,2
2012,Andrew Luck,IND,AFC,23,16,16,11-5-0,339,627,54.1,4374,23,3.7,18,2.9,208,70,7.0,6.4,12.9,273.4,76.5,65.6,41,246,6.2,5.7,6.1,4,7
2012,Chad Henne,JAX,AFC,27,10,6,1-5-0,166,308,53.9,2084,11,3.6,11,3.6,86,81,6.8,5.9,12.6,208.4,72.2,27.7,28,169,5.7,4.9,8.3,,
2012,Blaine Gabbert,JAX,AFC,23,10,10,1-9-0,162,278,58.3,1662,9,3.2,6,2.2,72,80,6.0,5.7,10.3,166.2,77.4,36.1,22,158,5.0,4.7,7.3,1,1
2012,Matt Cassel,KAN,AFC,30,9,8,1-7-0,161,277,58.1,1796,6,2.2,12,4.3,97,46,6.5,5.0,11.2,199.6,66.7,26.3,19,101,5.7,4.3,6.4,1,1
2012,Brady Quinn,KAN,AFC,28,10,8,1-7-0,112,197,56.9,1141,2,1,8,4.1,49,57,5.8,4.2,10.2,114.1,60.1,26.0,21,123,4.7,3.2,9.6,,
2012,Ryan Tannehill,MIA,AFC,24,16,16,7-9-0,282,484,58.3,3294,12,2.5,13,2.7,151,80,6.8,6.1,11.7,205.9,76.1,48.4,35,234,5.9,5.2,6.7,1,1
2012,Christian Ponder,MIN,NFC,24,16,16,10-6-0,300,483,62.1,2935,18,3.7,12,2.5,166,65,6.1,5.7,9.8,183.4,81.2,52.1,32,184,5.3,5.0,6.2,1,2
2012,Drew Brees,NOR,NFC,33,16,16,7-9-0,422,670,63.0,5177,43,6.4,19,2.8,266,80,7.7,7.7,12.3,323.6,96.3,68.7,26,190,7.2,7.2,3.7,1,2
2012,Tom Brady,NWE,AFC,35,16,16,12-4-0,401,637,63.0,4827,34,5.3,8,1.3,256,83,7.6,8.1,12.0,301.7,98.7,76.1,27,182,7.0,7.5,4.1,1,2
2012,Eli Manning,NYG,NFC,31,16,16,9-7-0,321,536,59.9,3948,26,4.9,15,2.8,187,80,7.4,7.1,12.3,246.8,87.2,67.0,19,136,6.9,6.6,3.4,3,3
2012,Mark Sanchez,NYJ,AFC,26,15,15,6-9-0,246,453,54.3,2883,13,2.9,18,4,146,66,6.4,5.2,11.7,192.2,66.9,27.1,34,209,5.5,4.4,7.0,1,1
2012,Greg McElroy,NYJ,AFC,24,2,1,0-1-0,19,31,61.3,214,1,3.2,1,3.2,13,30,6.9,6.1,11.3,107.0,79.2,16.6,11,71,3.4,2.8,26.2,1,1
2012,Carson Palmer,OAK,AFC,33,15,15,4-11-0,345,565,61.1,4018,22,3.9,14,2.5,188,64,7.1,6.8,11.6,267.9,85.3,46.6,26,199,6.5,6.1,4.4,2,2
2012,Terrelle Pryor,OAK,AFC,23,3,1,0-1-0,14,30,46.7,155,2,6.7,1,3.3,9,38,5.2,5.0,11.1,51.7,70.8,53.8,0,0,5.2,5.0,0.0,,
2012,Michael Vick,PHI,NFC,32,10,10,3-7-0,204,351,58.1,2362,12,3.4,10,2.8,115,77,6.7,6.1,11.6,236.2,78.1,47.0,28,153,5.8,5.3,7.4,3,3
2012,Nick Foles,PHI,NFC,23,7,6,1-5-0,161,265,60.8,1699,6,2.3,5,1.9,78,46,6.4,6.0,10.6,242.7,79.1,51.2,20,131,5.5,5.1,7.0,1,1
2012,Ben Roethlisberger,PIT,AFC,30,13,13,7-6-0,284,449,63.3,3265,26,5.8,8,1.8,167,82,7.3,7.6,11.5,251.2,97.0,71.3,30,182,6.4,6.8,6.3,2,3
2012,Charlie Batch,PIT,AFC,38,2,2,1-1-0,45,70,64.3,475,1,1.4,4,5.7,22,43,6.8,4.5,10.6,237.5,64.9,35.9,3,12,6.3,4.2,4.1,1,1
2012,Byron Leftwich,PIT,AFC,32,2,1,0-1-0,25,53,47.2,272,0,0,1,1.9,13,37,5.1,4.3,10.9,136.0,54.9,28.8,3,24,4.4,3.6,5.4,0,0
2012,Philip Rivers,SDG,AFC,31,16,16,7-9-0,338,527,64.1,3606,26,4.9,15,2.8,184,80,6.8,6.5,10.7,225.4,88.6,42.6,49,311,5.7,5.5,8.5,,
2012,Russell Wilson,SEA,NFC,24,16,16,11-5-0,252,393,64.1,3118,26,6.6,10,2.5,153,67,7.9,8.1,12.4,194.9,100.0,72.7,33,203,6.8,7.0,7.7,3,4
2012,Colin Kaepernick,SFO,NFC,25,13,7,5-2-0,136,218,62.4,1814,10,4.6,3,1.4,86,57,8.3,8.6,13.3,139.5,98.3,71.8,16,112,7.3,7.6,6.8,1,1
2012,Alex Smith,SFO,NFC,28,10,9,6-2-1,153,218,70.2,1737,13,6,5,2.3,87,55,8.0,8.1,11.4,173.7,104.1,65.1,24,137,6.6,6.8,9.9,,
2012,Sam Bradford,STL,NFC,25,16,16,7-8-1,328,551,59.5,3702,21,3.8,13,2.4,185,80,6.7,6.4,11.3,231.4,82.6,51.6,35,233,5.9,5.6,6.0,4,3
2012,Josh Freeman,TAM,NFC,24,16,16,7-9-0,306,558,54.8,4065,27,4.8,17,3,186,95,7.3,6.9,13.3,254.1,81.6,49.4,26,161,6.7,6.3,4.5,1,1
2012,Jake Locker,TEN,AFC,24,11,11,4-7-0,177,314,56.4,2176,10,3.2,11,3.5,94,71,6.9,6.0,12.3,197.8,74.0,42.0,25,151,6.0,5.1,7.4,0,1
2012,Matt Hasselbeck,TEN,AFC,37,8,5,2-3-0,138,221,62.4,1367,7,3.2,5,2.3,71,37,6.2,5.8,9.9,170.9,81.0,45.0,14,103,5.4,5.0,6.0,2,2
2012,Robert Griffin III,WAS,NFC,22,15,15,9-6-0,258,393,65.6,3200,20,5.1,5,1.3,151,88,8.1,8.6,12.4,213.3,102.4,69.4,30,217,7.1,7.5,7.1,3,2
2012,Kirk Cousins,WAS,NFC,24,3,1,1-0-0,33,48,68.8,466,4,8.3,3,6.3,20,77,9.7,8.6,14.1,155.3,101.6,77.7,3,27,8.6,7.5,5.9,1,1
2011,John Skelton,ARI,NFC,23,8,7,5-2-0,151,275,54.9,1913,11,4,14,5.1,81,60,7.0,5.5,12.7,239.1,68.9,37.3,23,162,5.9,4.5,7.7,4,5
2011,Kevin Kolb,ARI,NFC,27,9,9,3-6-0,146,253,57.7,1955,9,3.6,8,3.2,87,73,7.7,7.0,13.4,217.2,81.1,33.3,30,219,6.1,5.5,10.6,2,1
2011,Matt Ryan,ATL,NFC,26,16,16,10-6-0,347,566,61.3,4177,29,5.1,12,2.1,208,80,7.4,7.5,12.0,261.1,92.2,69.3,26,173,6.8,6.8,4.4,3,3
2011,Joe Flacco,BAL,AFC,26,16,16,12-4-0,312,542,57.6,3610,20,3.7,12,2.2,180,74,6.7,6.4,11.6,225.6,80.9,63.7,31,203,6.0,5.7,5.4,2,3
2011,Ryan Fitzpatrick,BUF,AFC,29,16,16,6-10-0,353,569,62.0,3832,24,4.2,23,4,179,60,6.7,5.8,10.9,239.5,79.1,50.1,22,148,6.2,5.3,3.7,2,2
2011,Cam Newton,CAR,NFC,22,16,16,6-10-0,310,517,60.0,4051,21,4.1,17,3.3,176,91,7.8,7.2,13.1,253.2,84.5,56.6,35,260,6.9,6.2,6.3,1,1
2011,Jay Cutler,CHI,NFC,28,10,10,7-3-0,182,314,58.0,2319,13,4.1,7,2.2,107,56,7.4,7.2,12.7,231.9,85.7,60.5,23,159,6.4,6.3,6.8,1,1
2011,Caleb Hanie,CHI,NFC,26,6,4,0-4-0,51,102,50.0,613,3,2.9,9,8.8,29,81,6.0,2.6,12.0,102.2,41.8,19.0,19,133,4.0,1.1,15.7,,
2011,Josh McCown,CHI,NFC,32,3,2,1-1-0,35,55,63.6,414,2,3.6,4,7.3,18,49,7.5,5.0,11.8,138.0,68.3,32.7,7,43,6.0,3.7,11.3,,
2011,Andy Dalton,CIN,AFC,24,16,16,9-7-0,300,516,58.1,3398,20,3.9,13,2.5,151,84,6.6,6.2,11.3,212.4,80.4,49.5,24,160,6.0,5.7,4.4,4,4
2011,Colt McCoy,CLE,AFC,25,13,13,4-9-0,265,463,57.2,2733,14,3,11,2.4,142,56,5.9,5.4,10.3,210.2,74.6,45.9,32,173,5.2,4.7,6.5,1,3
2011,Seneca Wallace,CLE,AFC,31,6,3,0-3-0,55,107,51.4,567,2,1.9,2,1.9,29,76,5.3,4.8,10.3,94.5,65.4,59.8,6,30,4.8,4.3,5.3,,
2011,Tony Romo,DAL,NFC,31,16,16,8-8-0,346,522,66.3,4184,31,5.9,10,1.9,203,77,8.0,8.3,12.1,261.5,102.5,69.0,36,227,7.1,7.4,6.5,4,4
2011,Tim Tebow,DEN,AFC,24,14,11,7-4-0,126,271,46.5,1729,12,4.4,6,2.2,77,56,6.4,6.3,13.7,123.5,72.9,38.6,33,225,5.0,4.9,10.9,5,5
2011,Matthew Stafford,DET,NFC,23,16,16,10-6-0,421,663,63.5,5038,41,6.2,16,2.4,243,73,7.6,7.7,12.0,314.9,97.2,60.5,36,257,6.8,7.0,5.2,3,4
2011,Aaron Rodgers,GNB,NFC,28,15,15,14-1-0,343,502,68.3,4643,45,9,6,1.2,209,93,9.2,10.5,13.5,309.5,122.5,83.8,36,219,8.2,9.4,6.7,0,1
2011,Matt Flynn,GNB,NFC,26,5,1,1-0-0,33,49,67.3,518,6,12.2,2,4.1,22,80,10.6,11.2,15.7,103.6,124.8,83.5,5,18,9.3,9.8,9.3,1,1
2011,Matt Schaub,HOU,AFC,30,10,10,7-3-0,178,292,61.0,2479,15,5.1,6,2.1,118,80,8.5,8.6,13.9,247.9,96.8,73.8,16,98,7.7,7.8,5.2,0,1
2011,T.J. Yates,HOU,AFC,24,6,5,2-3-0,82,134,61.2,949,3,2.2,3,2.2,48,50,7.1,6.5,11.6,158.2,80.7,43.1,15,74,5.9,5.4,10.1,1,2
2011,Matt Leinart,HOU,AFC,28,2,1,1-0-0,10,13,76.9,57,1,7.7,0,0,1,20,4.4,5.9,5.7,28.5,110.1,40.5,0,0,4.4,5.9,0.0,,
2011,Curtis Painter,IND,AFC,26,9,8,0-8-0,132,243,54.3,1541,6,2.5,9,3.7,71,87,6.3,5.2,11.7,171.2,66.6,30.9,16,104,5.6,4.5,6.2,,
2011,Dan Orlovsky,IND,AFC,28,8,5,2-3-0,122,193,63.2,1201,6,3.1,4,2.1,71,40,6.2,5.9,9.8,150.1,82.4,47.3,14,84,5.4,5.1,6.8,1,1
2011,Kerry Collins,IND,AFC,39,3,3,0-3-0,48,98,49.0,481,2,2,1,1,29,36,4.9,4.9,10.0,160.3,65.9,16.8,5,40,4.3,4.2,4.9,,
2011,Blaine Gabbert,JAX,AFC,22,15,14,4-10-0,210,413,50.8,2214,12,2.9,11,2.7,111,74,5.4,4.7,10.5,147.6,65.4,22.2,40,293,4.2,3.7,8.8,,
2011,Luke McCown,JAX,AFC,30,4,2,1-1-0,30,56,53.6,296,0,0,4,7.1,13,26,5.3,2.1,9.9,74.0,39.0,22.9,4,38,4.3,1.3,6.7,,
2011,Matt Cassel,KAN,AFC,29,9,9,4-5-0,160,269,59.5,1713,10,3.7,9,3.3,84,52,6.4,5.6,10.7,190.3,76.6,48.4,22,120,5.5,4.8,7.6,1,2
2011,Tyler Palko,KAN,AFC,28,6,4,1-3-0,80,134,59.7,796,2,1.5,7,5.2,40,38,5.9,3.9,10.0,132.7,59.8,32.4,11,83,4.9,3.0,7.6,,
2011,Matt Moore,MIA,AFC,27,13,12,6-6-0,210,347,60.5,2497,16,4.6,9,2.6,122,65,7.2,7.0,11.9,192.1,87.1,55.7,36,229,5.9,5.7,9.4,1,1
2011,Chad Henne,MIA,AFC,26,4,4,0-4-0,64,112,57.1,868,4,3.6,4,3.6,41,41,7.8,6.9,13.6,217.0,79.0,62.5,11,67,6.5,5.7,8.9,,
2011,Christian Ponder,MIN,NFC,23,11,10,2-8-0,158,291,54.3,1853,13,4.5,13,4.5,92,72,6.4,5.3,11.7,168.5,70.1,32.4,30,164,5.3,4.3,9.3,0,1
2011,Donovan McNabb,MIN,NFC,35,6,6,1-5-0,94,156,60.3,1026,4,2.6,2,1.3,52,60,6.6,6.5,10.9,171.0,82.9,54.6,16,113,5.3,5.3,9.3,,
2011,Drew Brees,NOR,NFC,32,16,16,13-3-0,468,657,71.2,5476,46,7,14,2.1,279,79,8.3,8.8,11.7,342.3,110.6,82.3,24,158,7.8,8.2,3.5,3,4
2011,Tom Brady,NWE,AFC,34,16,16,13-3-0,401,611,65.6,5235,39,6.4,12,2,262,99,8.6,9.0,13.1,327.2,105.6,73.8,32,173,7.9,8.3,5.0,1,2
2011,Eli Manning,NYG,NFC,30,16,16,9-7-0,359,589,61.0,4933,29,4.9,16,2.7,218,99,8.4,8.1,13.7,308.3,92.9,64.2,28,199,7.7,7.5,4.5,5,6
2011,Mark Sanchez,NYJ,AFC,25,16,16,8-8-0,308,543,56.7,3474,26,4.8,18,3.3,172,74,6.4,5.9,11.3,217.1,78.2,42.1,39,243,5.6,5.1,6.7,4,4
2011,Carson Palmer,OAK,AFC,32,10,9,4-5-0,199,328,60.7,2753,13,4,16,4.9,123,78,8.4,7.0,13.8,275.3,80.5,53.5,17,119,7.6,6.3,4.9,0,1
2011,Jason Campbell,OAK,AFC,30,6,6,4-2-0,100,165,60.6,1170,6,3.6,4,2.4,56,58,7.1,6.7,11.7,195.0,84.2,56.2,5,19,6.8,6.4,2.9,1,1
2011,Kyle Boller,OAK,AFC,30,2,1,0-1-0,15,28,53.6,161,0,0,3,10.7,7,27,5.8,0.9,10.7,80.5,31.1,7.5,3,19,4.6,0.2,9.7,,
2011,Michael Vick,PHI,NFC,31,13,13,7-6-0,253,423,59.8,3303,18,4.3,14,3.3,154,73,7.8,7.2,13.1,254.1,84.9,60.9,23,126,7.1,6.5,5.2,,
2011,Vince Young,PHI,NFC,28,6,3,1-2-0,66,114,57.9,866,4,3.5,9,7.9,39,58,7.6,4.7,13.1,144.3,60.8,40.3,8,34,6.8,4.2,6.6,0,1
2011,Ben Roethlisberger,PIT,AFC,29,15,15,11-4-0,324,513,63.2,4077,21,4.1,14,2.7,210,95,7.9,7.5,12.6,271.8,90.1,68.3,40,269,6.9,6.5,7.2,1,1
2011,Charlie Batch,PIT,AFC,37,4,1,1-0-0,15,24,62.5,208,0,0,1,4.2,9,46,8.7,6.8,13.9,52.0,72.9,21.8,2,10,7.6,5.9,7.7,,
2011,Philip Rivers,SDG,AFC,30,16,16,8-8-0,366,582,62.9,4624,27,4.6,20,3.4,234,58,7.9,7.3,12.6,289.0,88.7,64.9,30,198,7.2,6.6,4.9,1,1
2011,Tarvaris Jackson,SEA,NFC,28,15,14,7-7-0,271,450,60.2,3091,14,3.1,13,2.9,139,61,6.9,6.2,11.4,206.1,79.2,46.1,42,293,5.7,5.1,8.5,,
2011,Charlie Whitehurst,SEA,NFC,29,3,2,0-2-0,27,56,48.2,298,1,1.8,1,1.8,14,38,5.3,4.9,11.0,99.3,62.9,19.7,8,46,3.9,3.6,12.5,1,1
2011,Alex Smith,SFO,NFC,27,16,16,13-3-0,273,445,61.3,3144,17,3.8,5,1.1,145,56,7.1,7.3,11.5,196.5,90.7,54.5,44,263,5.9,6.1,9.0,5,5
2011,Sam Bradford,STL,NFC,24,10,10,1-9-0,191,357,53.5,2164,6,1.7,6,1.7,104,68,6.1,5.6,11.3,216.4,70.5,31.4,36,248,4.9,4.5,9.2,1,1
2011,A.J. Feeley,STL,NFC,34,5,3,1-2-0,53,97,54.6,548,1,1,2,2.1,27,34,5.6,4.9,10.3,109.6,66.0,27.8,10,72,4.5,3.8,9.3,,
2011,Kellen Clemens,STL,NFC,28,3,3,0-3-0,48,91,52.7,546,2,2.2,1,1.1,30,36,6.0,5.9,11.4,182.0,73.8,34.6,9,68,4.8,4.7,9.0,,
2011,Josh Freeman,TAM,NFC,23,15,15,4-11-0,346,551,62.8,3592,16,2.9,22,4,170,65,6.5,5.3,10.4,239.5,74.6,46.1,29,164,5.9,4.8,5.0,1,2
2011,Josh Johnson,TAM,NFC,25,9,1,0-1-0,19,36,52.8,246,1,2.8,2,5.6,12,42,6.8,4.9,12.9,27.3,60.6,44.2,3,24,5.7,3.9,7.7,,
2011,Matt Hasselbeck,TEN,AFC,36,16,16,9-7-0,319,518,61.6,3571,18,3.5,14,2.7,163,80,6.9,6.4,11.2,223.2,82.4,51.4,19,153,6.4,5.9,3.5,2,3
2011,Rex Grossman,WAS,NFC,31,13,13,5-8-0,265,458,57.9,3151,16,3.5,20,4.4,161,51,6.9,5.6,11.9,242.4,72.4,41.5,25,201,6.1,4.9,5.2,2,2
2011,John Beck,WAS,NFC,30,4,3,0-3-0,80,132,60.6,858,2,1.5,4,3,44,32,6.5,5.4,10.7,214.5,72.1,38.1,16,84,5.2,4.3,10.8,,
2010,Derek Anderson,ARI,NFC,27,12,9,2-7-0,169,327,51.7,2065,7,2.1,10,3.1,96,43,6.3,5.4,12.2,172.1,65.9,32.7,25,176,5.4,4.5,7.1,1,1
2010,John Skelton,ARI,NFC,22,5,4,2-2-0,60,126,47.6,662,2,1.6,2,1.6,31,74,5.3,4.9,11.0,132.4,62.3,23.6,9,65,4.4,4.1,6.7,1,1
2010,Max Hall,ARI,NFC,25,6,3,1-2-0,39,78,50.0,370,1,1.3,6,7.7,19,26,4.7,1.5,9.5,61.7,35.7,8.8,14,90,3.0,0.3,15.2,0,1
2010,Matt Ryan,ATL,NFC,25,16,16,13-3-0,357,571,62.5,3705,28,4.9,9,1.6,202,46,6.5,6.8,10.4,231.6,91.0,71.2,23,158,6.0,6.2,3.9,5,6
2010,Joe Flacco,BAL,AFC,25,16,16,12-4-0,306,489,62.6,3622,25,5.1,10,2,174,67,7.4,7.5,11.8,226.4,93.6,59.1,40,294,6.3,6.4,7.6,2,4
2010,Ryan Fitzpatrick,BUF,AFC,28,13,13,4-9-0,255,441,57.8,3000,23,5.2,15,3.4,151,65,6.8,6.3,11.8,230.8,81.8,52.3,24,145,6.1,5.7,5.2,1,1
2010,Brian Brohm,BUF,AFC,25,1,1,0-1-0,10,23,43.5,106,0,0,3,13,4,33,4.6,-1.3,10.6,106.0,17.9,24.4,3,5,3.9,-1.3,11.5,,
2010,Jimmy Clausen,CAR,NFC,23,13,10,1-9-0,157,299,52.5,1558,3,1,9,3,73,55,5.2,4.1,9.9,119.8,58.4,13.8,33,223,4.0,3.0,9.9,,
2010,Matt Moore,CAR,NFC,26,6,5,1-4-0,79,143,55.2,857,5,3.5,10,7,47,39,6.0,3.5,10.8,142.8,55.6,36.9,13,90,4.9,2.7,8.3,1,1
2010,Brian St. Pierre,CAR,NFC,31,1,1,0-1-0,13,28,46.4,173,1,3.6,2,7.1,3,88,6.2,3.7,13.3,173.0,48.7,10.9,3,23,4.8,2.6,9.7,,
2010,Jay Cutler,CHI,NFC,27,15,15,10-5-0,261,432,60.4,3274,23,5.3,16,3.7,159,89,7.6,7.0,12.5,218.3,86.3,51.4,52,352,6.0,5.5,10.7,4,4
2010,Todd Collins,CHI,NFC,39,2,1,1-0-0,10,27,37.0,68,0,0,5,18.5,3,19,2.5,-5.8,6.8,34.0,5.9,1.1,2,15,1.8,-5.9,6.9,,
2010,Carson Palmer,CIN,AFC,31,16,16,4-12-0,362,586,61.8,3970,26,4.4,20,3.4,206,78,6.8,6.1,11.0,248.1,82.4,55.1,26,201,6.2,5.5,4.2,1,1
2010,Colt McCoy,CLE,AFC,24,8,8,2-6-0,135,222,60.8,1576,6,2.7,9,4.1,77,47,7.1,5.8,11.7,197.0,74.5,52.8,23,132,5.9,4.7,9.4,,
2010,Jake Delhomme,CLE,AFC,35,5,4,2-2-0,93,149,62.4,872,2,1.3,7,4.7,36,49,5.9,4.0,9.4,174.4,63.4,27.0,6,49,5.3,3.5,3.9,1,2
2010,Seneca Wallace,CLE,AFC,30,8,4,1-3-0,64,101,63.4,694,4,4,2,2,35,65,6.9,6.8,10.8,86.8,88.5,48.9,6,33,6.2,6.1,5.6,,
2010,Jon Kitna,DAL,NFC,38,10,9,4-5-0,209,318,65.7,2365,16,5,12,3.8,97,71,7.4,6.7,11.3,236.5,88.9,52.9,21,100,6.7,6.0,6.2,1,2
2010,Tony Romo,DAL,NFC,30,6,6,1-5-0,148,213,69.5,1605,11,5.2,7,3.3,73,69,7.5,7.1,10.8,267.5,94.9,66.4,7,41,7.1,6.7,3.2,,
2010,Stephen McGee,DAL,NFC,25,2,1,1-0-0,22,44,50.0,238,2,4.5,0,0,9,37,5.4,6.3,10.8,119.0,81.4,64.5,3,25,4.5,5.4,6.4,1,1
2010,Kyle Orton,DEN,AFC,28,13,13,3-10-0,293,498,58.8,3653,20,4,9,1.8,173,71,7.3,7.3,12.5,281.0,87.5,53.8,34,243,6.4,6.4,6.4,1,1
2010,Tim Tebow,DEN,AFC,23,9,3,1-2-0,41,82,50.0,654,5,6.1,3,3.7,31,50,8.0,7.5,16.0,72.7,82.1,56.0,6,26,7.1,6.7,6.8,1,1
2010,Shaun Hill,DET,NFC,30,11,10,3-7-0,257,416,61.8,2686,16,3.8,12,2.9,120,75,6.5,5.9,10.5,244.2,81.3,53.2,17,113,5.9,5.4,3.9,1,0
2010,Drew Stanton,DET,NFC,26,6,3,2-1-0,69,119,58.0,780,4,3.4,3,2.5,39,87,6.6,6.1,11.3,130.0,78.4,60.2,6,42,5.9,5.5,4.8,2,2
2010,Matthew Stafford,DET,NFC,22,3,3,1-2-0,57,96,59.4,535,6,6.3,1,1,28,36,5.6,6.4,9.4,178.3,91.3,50.1,4,36,5.0,5.7,4.0,1,1
2010,Aaron Rodgers,GNB,NFC,27,15,15,10-5-0,312,475,65.7,3922,28,5.9,11,2.3,183,86,8.3,8.4,12.6,261.5,101.2,69.6,31,193,7.4,7.5,6.1,0,1
2010,Matt Flynn,GNB,NFC,25,7,1,0-1-0,40,66,60.6,433,3,4.5,2,3,21,66,6.6,6.1,10.8,61.9,82.4,25.0,7,38,5.4,5.0,9.6,,
2010,Matt Schaub,HOU,AFC,29,16,16,6-10-0,365,574,63.6,4370,24,4.2,12,2.1,221,60,7.6,7.5,12.0,273.1,92.0,61.0,32,226,6.8,6.7,5.3,2,2
2010,Peyton Manning,IND,AFC,34,16,16,10-6-0,450,679,66.3,4700,33,4.9,17,2.5,253,73,6.9,6.8,10.4,293.8,91.9,71.6,16,91,6.6,6.5,2.3,0,2
2010,David Garrard,JAX,AFC,32,14,14,8-6-0,236,366,64.5,2734,23,6.3,15,4.1,130,75,7.5,6.9,11.6,195.3,90.8,63.1,33,253,6.2,5.7,8.3,1,5
2010,Todd Bouman,JAX,AFC,38,1,1,0-1-0,18,34,52.9,222,2,5.9,2,5.9,12,29,6.5,5.1,12.3,222.0,68.5,66.1,1,6,6.2,4.7,2.9,,
2010,Matt Cassel,KAN,AFC,28,15,15,10-5-0,262,450,58.2,3116,27,6,7,1.6,164,75,6.9,7.4,11.9,207.7,93.0,55.8,26,182,6.2,6.6,5.5,1,2
2010,Brodie Croyle,KAN,AFC,27,2,1,0-1-0,8,19,42.1,38,0,0,1,5.3,2,16,2.0,-0.4,4.8,19.0,27.7,6.1,4,29,0.4,-1.6,17.4,,
2010,Chad Henne,MIA,AFC,25,15,14,6-8-0,301,490,61.4,3301,15,3.1,19,3.9,167,57,6.7,5.6,11.0,220.1,75.4,45.7,30,178,6.0,4.9,5.8,0,1
2010,Tyler Thigpen,MIA,AFC,26,5,1,0-1-0,33,62,53.2,435,2,3.2,2,3.2,18,35,7.0,6.2,13.2,87.0,73.0,29.9,8,50,5.5,4.8,11.4,,
2010,Chad Pennington,MIA,AFC,34,1,1,1-0-0,1,2,50.0,19,0,0,0,0,1,19,9.5,9.5,19.0,19.0,83.3,94.1,0,0,9.5,9.5,0.0,,
2010,Brett Favre,MIN,NFC,41,13,13,5-8-0,217,358,60.6,2509,11,3.1,19,5.3,112,53,7.0,5.2,11.6,193.0,69.9,38.4,22,139,6.2,4.6,5.8,1,2
2010,Joe Webb,MIN,NFC,24,5,2,1-1-0,54,89,60.7,477,0,0,3,3.4,26,46,5.4,3.8,8.8,95.4,60.9,47.7,8,48,4.4,3.0,8.2,,
2010,Tarvaris Jackson,MIN,NFC,27,3,1,0-1-0,34,58,58.6,341,3,5.2,4,6.9,17,46,5.9,3.8,10.0,113.7,63.9,27.9,6,43,4.7,2.8,9.4,,
2010,Drew Brees,NOR,NFC,31,16,16,11-5-0,448,658,68.1,4620,33,5,22,3.3,238,80,7.0,6.5,10.3,288.8,90.9,70.8,25,185,6.5,6.0,3.7,4,5
2010,Tom Brady,NWE,AFC,33,16,16,14-2-0,324,492,65.9,3900,36,7.3,4,0.8,189,79,7.9,9.0,12.0,243.8,111.0,79.1,25,175,7.2,8.3,4.8,2,3
2010,Eli Manning,NYG,NFC,29,16,16,10-6-0,339,539,62.9,4002,31,5.8,25,4.6,169,92,7.4,6.5,11.8,250.1,85.3,57.7,16,117,7.0,6.1,2.9,1,1
2010,Mark Sanchez,NYJ,AFC,24,16,16,11-5-0,278,507,54.8,3291,17,3.4,13,2.6,162,74,6.5,6.0,11.8,205.7,75.3,51.3,27,171,5.8,5.4,5.1,3,5
2010,Jason Campbell,OAK,AFC,29,13,12,7-5-0,194,329,59.0,2387,13,4,8,2.4,111,73,7.3,7.0,12.3,183.6,84.5,48.8,33,208,6.0,5.7,9.1,2,2
2010,Bruce Gradkowski,OAK,AFC,27,6,4,1-3-0,83,157,52.9,1059,5,3.2,7,4.5,51,70,6.7,5.4,12.8,176.5,66.3,26.3,10,77,5.9,4.6,6.0,,
2010,Michael Vick,PHI,NFC,30,12,12,8-3-0,233,372,62.6,3018,21,5.6,6,1.6,119,91,8.1,8.5,13.0,251.5,100.2,65.0,34,210,6.9,7.3,8.4,4,3
2010,Kevin Kolb,PHI,NFC,26,7,5,2-3-0,115,189,60.8,1197,7,3.7,7,3.7,58,83,6.3,5.4,10.4,171.0,76.1,44.9,15,99,5.4,4.5,7.4,,
2010,Ben Roethlisberger,PIT,AFC,28,12,12,9-3-0,240,389,61.7,3200,17,4.4,5,1.3,149,56,8.2,8.5,13.3,266.7,97.0,67.4,32,220,7.1,7.4,7.6,2,3
2010,Charlie Batch,PIT,AFC,36,3,2,1-1-0,29,49,59.2,352,3,6.1,3,6.1,13,46,7.2,5.7,12.1,117.3,76.2,53.4,4,21,6.3,4.8,7.5,,
2010,Dennis Dixon,PIT,AFC,25,2,2,2-0-0,22,32,68.8,254,0,0,1,3.1,8,52,7.9,6.5,11.5,127.0,79.4,21.4,5,41,5.8,4.5,13.5,0,1
2010,Philip Rivers,SDG,AFC,29,16,16,9-7-0,357,541,66.0,4710,30,5.5,13,2.4,234,59,8.7,8.7,13.2,294.4,101.8,66.9,38,227,7.7,7.8,6.6,1,1
2010,Matt Hasselbeck,SEA,NFC,35,14,14,6-8-0,266,444,59.9,3001,12,2.7,17,3.8,137,87,6.8,5.6,11.3,214.4,73.2,52.3,29,175,6.0,4.9,6.1,0,0
2010,Charlie Whitehurst,SEA,NFC,28,6,2,1-1-0,57,99,57.6,507,2,2,3,3,22,61,5.1,4.2,8.9,84.5,65.5,21.5,5,13,4.8,3.8,4.8,,
2010,Alex Smith,SFO,NFC,26,11,10,3-7-0,204,342,59.6,2370,14,4.1,10,2.9,102,62,6.9,6.4,11.6,215.5,82.1,43.8,25,140,6.1,5.6,6.8,,
2010,Troy Smith,SFO,NFC,26,6,6,3-3-0,73,145,50.3,1176,5,3.4,4,2.8,43,66,8.1,7.6,16.1,196.0,77.8,43.2,18,112,6.5,6.0,11.0,2,2
2010,Sam Bradford,STL,NFC,23,16,16,7-9-0,354,590,60.0,3512,18,3.1,15,2.5,179,49,6.0,5.4,9.9,219.5,76.5,46.9,34,244,5.2,4.7,5.4,,
2010,Josh Freeman,TAM,NFC,22,16,16,10-6-0,291,474,61.4,3451,25,5.3,6,1.3,167,64,7.3,7.8,11.9,215.7,95.9,69.5,28,195,6.5,6.9,5.6,5,5
2010,Kerry Collins,TEN,AFC,38,10,7,2-5-0,160,278,57.6,1823,14,5,8,2.9,90,80,6.6,6.3,11.4,182.3,82.2,55.4,13,91,6.0,5.7,4.5,1,1
2010,Vince Young,TEN,AFC,27,9,8,4-4-0,93,156,59.6,1255,10,6.4,3,1.9,58,71,8.0,8.5,13.5,139.4,98.6,59.4,13,80,7.0,7.3,7.7,0,1
2010,Rusty Smith,TEN,AFC,23,2,1,0-1-0,20,40,50.0,200,0,0,4,10,7,52,5.0,0.5,10.0,100.0,25.0,3.6,1,0,4.9,0.5,2.4,,
2010,Donovan McNabb,WAS,NFC,34,13,13,5-8-0,275,472,58.3,3377,14,3,15,3.2,152,76,7.2,6.3,12.3,259.8,77.1,47.8,37,271,6.1,5.3,7.3,2,2
2010,Rex Grossman,WAS,NFC,30,4,3,1-2-0,74,133,55.6,884,7,5.3,4,3,42,64,6.6,6.3,11.9,221.0,81.2,33.0,9,77,5.7,5.4,6.3,0,1
